tree
version=v4
num_class=1
num_tree_per_iteration=1
label_index=0
max_feature_idx=19
objective=lambdarank
feature_names=reid_score same_view_score cross_view_score warm margin_to_next margin_to_top1 candidate_rank active_candidates n_refs n_same_view_refs best_ref_is_gate color_match color_conf_query color_conf_cand type_match type_conf_query crop_sharpness crop_area crop_aspect locked_elsewhere
feature_infos=[0.22785256803035736:0.87772893905639648] [0:0.99460732936859131] [0.22785256803035736:0.87772893905639648] [0:1] [1.4901161193847656e-07:0.40943020582199097] [0:0.56081569194793701] [1:34] none [2:20] [0:18] [0:1] [0:1] [0.34208297729492188:0.99914538860321045] [0.2512485682964325:0.99914538860321045] none none [70.483291625976562:2124.571533203125] [113088:436927] [0.86561954021453857:1.6863157749176025] none
tree_sizes=1091 1776 1770 1769 1769 1778 1767 1776 1770 1779 1784 1761 1768 1768 1769 1770 1764 1781 1774 1770 1773 1781 1774 1780 1548 1770 1772 1779 1770 1788 1551 1772 1551 1781 1547 1783 1776 1546 1777 1657 1774 1776 1661 1775 1654 1771 1773 1766 1652 1662 1774 1783 1775 1669 1785 1662 1776 1768 1782 1663 1789 1780 1786 1778 1793 1787 1680 1791 1797 1796 1796 1679 1804 1802 1806 1807 1802 1804 1804 1811 1808 1812 1813 1816 1811 1812 1581 1817 1817 1825 1588 1587 1827 1827 1824 1480 1479 1483 1833 1833 1488 1598 1840 1838 1841 1841 1373 1483 1848 1377 1491 1847 1844 1845 1860 1375 1495 1845 1849 1863 1385 1496 1850 1854 1618 1382 1392 1846 1845 1388 1856 1846 1732 1622 1740 1839 1496 1625 1618 1511 1516 1846 1634 1623 1617 1515 1400 1400 1513 1398 1288 1514 1408 1521 1415 1408 1397 1411 1422 1401 1412 1412 1423 1404 1295 1418 1394 1305 1289 1290 1295 1295 1289 1061 1177 1177 1069 1065 1058 951 947 1072 948 947 945 838 953 715 834 953 831 825 834 829 837 722 832 725 722 837

Tree=0
num_leaves=9
num_cat=0
split_feature=9 5 18 5 17 0 0 0
split_gain=5116.68 290.962 75.7524 0.269764 0.48564 0.0170859 4.54747e-13 1.42109e-14
threshold=1.0000000180025095e-35 0.10674187541007997 1.2927447557449343 0.036106705665588386 214951.50000000003 0.64307537674903881 0.40863709151744848 0.60010191798210155
decision_type=2 2 2 2 2 2 2 2
left_child=6 3 7 5 -5 -2 -1 -3
right_child=1 2 -4 4 -6 -7 -8 -9
leaf_value=-0.10000000000000001 0.099066764203552635 -0.099999999999999978 0.08095120098723535 0.082567755222916067 0.099114874870999237 0.099990739513760168 -0.10000000000000001 -0.10000000000000001
leaf_weight=212.78835606714711 54.529420468024909 22.824712505564101 7.6456400156021109 6.3161787665449109 14.881102116778491 606.7918581739068 450.37042830843711 0.92653210833668609
leaf_count=5738 60 650 36 32 24 527 14046 35
internal_value=-5.81768e-09 0.0928904 -0.0559355 0.0997366 0.0941843 0.0999146 -0.1 -0.1
internal_weight=1377.07 713.915 31.3969 682.519 21.1973 661.321 663.159 23.7512
internal_count=21148 1364 721 643 56 587 19784 685
is_linear=0
shrinkage=0.05


Tree=1
num_leaves=15
num_cat=0
split_feature=9 2 5 17 4 18 5 16 5 16 17 16 17 12
split_gain=7101.23 286.367 20.9399 37.9711 4.2419 0.0793076 0.0256272 0.000608464 0.00110443 0.00102369 0.000180093 0.000147321 0.000133352 6.37788e-05
threshold=1.0000000180025095e-35 0.48681586980819708 0.055883884429931648 212196.00000000003 0.0068066418170928964 1.318307161331177 0.11577090620994569 266.03240966796881 0.21981786936521533 234.80364990234378 173429.00000000003 234.80364990234378 169595.50000000003 0.98622295260429393
decision_type=2 2 2 2 2 2 2 2 2 2 2 2 2 2
left_child=7 5 4 -4 -3 6 -2 8 9 -1 12 -10 -9 -12
right_child=1 2 3 -5 -6 -7 -8 10 11 -11 13 -13 -14 -15
leaf_value=-0.091094056938980289 -0.098962904712006389 0.071858825221505399 -0.046881990684149971 0.074407761699926619 0.090709149435002176 -0.099057700825347234 -0.090950560326950494 -0.090993946624602529 -0.090946993427821435 -0.091529943774959321 -0.09094112031218976 -0.091076812962268675 -0.091179362002095268 -0.09107886075434235
leaf_weight=51.656537914648652 1.0604639649391234 30.708659246563911 7.1611197367310515 65.232750063762069 1060.427993491292 4.1936866641044608 16.937773937359452 85.948383759707212 130.5748516023159 18.221020713448524 776.59059676341712 26.246370490640402 10.930468551814554 8.496086264960466
leaf_count=1038 6 21 84 159 580 22 492 1538 2238 348 13794 444 192 192
internal_value=-2.53014e-09 0.0850574 0.0884509 0.0624099 0.0901786 -0.0928655 -0.0914227 -0.0909693 -0.0910424 -0.0912077 -0.0909505 -0.0909687 -0.0910149 -0.0909426
internal_weight=2294.39 1185.72 1163.53 72.3939 1091.14 22.1919 17.9982 1108.66 226.699 69.8776 881.966 156.821 96.8789 785.087
internal_count=21148 1364 844 243 601 520 498 19784 4068 1386 15716 2682 1730 13986
is_linear=0
shrinkage=0.05


Tree=2
num_leaves=15
num_cat=0
split_feature=9 2 5 18 0 18 5 16 18 5 17 5 6 6
split_gain=5485.74 285.914 22.5645 77.9359 4.28671 0.0160288 0.00302762 0.0041928 0.00711956 0.00193193 0.00031049 0.000255591 0.00109348 5.43239e-05
threshold=1.0000000180025095e-35 0.48681586980819708 0.10319854319095613 1.2927447557449343 0.59731385111808788 1.318307161331177 0.20571333169937137 302.08424377441412 1.0926896929740908 0.13435423374176028 115969.00000000001 0.26349499821662908 24.500000000000004 30.500000000000004
decision_type=2 2 2 2 2 2 2 2 2 2 2 2 2 2
left_child=6 5 4 -4 -3 9 7 8 -1 -2 -9 12 -8 -13
right_child=1 2 3 -5 -6 -7 11 10 -10 -11 -12 13 -14 -15
leaf_value=-0.087102497321900396 -0.08710650924347664 0.070672330279147627 -0.089192940871404225 0.085505863926526593 0.083833744251841855 -0.090579535750484053 -0.084164408154765905 -0.084705426662506508 -0.084581811388328737 -0.084158258799698391 -0.084221267430360153 -0.084145150127632087 -0.084502358573439906 -0.084182403120037025
leaf_weight=2.9125717114657155 0.56831478700042382 66.105152156203985 8.5318960994482023 25.359746098518372 964.98816636577249 1.0321837291121472 138.45419288799167 3.3793813101947299 73.307581586763263 24.93996998295188 164.60381604544818 471.03782239370048 28.938372541218996 123.52344084903598
leaf_count=56 13 54 192 15 583 22 2865 81 1378 485 3712 8894 566 2232
internal_value=-1.55667e-09 0.0776307 0.0816704 0.0415271 0.0829899 -0.0844711 -0.0842174 -0.0843706 -0.0846781 -0.0842239 -0.084231 -0.0841683 -0.0842228 -0.0841529
internal_weight=2097.68 1091.53 1064.98 33.8916 1031.09 26.5405 1006.16 244.203 76.2202 25.5083 167.983 761.954 167.393 594.561
internal_count=21148 1364 844 207 637 520 19784 5227 1434 498 3793 14557 3431 11126
is_linear=0
shrinkage=0.05


Tree=3
num_leaves=15
num_cat=0
split_feature=9 2 5 18 5 18 5 16 18 17 5 5 6 12
split_gain=4566.7 225.036 13.8567 57.0266 4.15138 0.00805893 0.00308341 0.00342714 0.00537 0.00135286 0.000764034 0.00024338 0.00123027 3.03112e-05
threshold=1.0000000180025095e-35 0.48681586980819708 0.10319854319095613 1.2927447557449343 0.015891849994659427 1.318307161331177 0.20571333169937137 308.73341369628912 1.0926896929740908 148288.00000000003 0.14142829179763797 0.26927007734775549 24.500000000000004 0.99786275625228893
decision_type=2 2 2 2 2 2 2 2 2 2 2 2 2 2
left_child=6 5 4 -4 -3 10 7 8 -1 -9 -2 12 -8 -13
right_child=1 2 3 -5 -6 -7 11 9 -10 -11 -12 13 -14 -15
leaf_value=-0.081481199827049836 -0.080466405402898261 0.078595670705967943 -0.082860576736787234 0.080154719062210195 0.067011099750369466 -0.084084292455436332 -0.078879839317464284 -0.079395208744640552 -0.079288649062068228 -0.078932086351482009 -0.078891652786276273 -0.078869278621751956 -0.079230273206126134 -0.079065336935283712
leaf_weight=2.903746221214532 0.79795624502003804 890.94564652442932 6.9197391159832504 23.875980973243713 84.68506932258606 0.78942148387431998 152.38144808448851 17.366519604809582 72.986653082072735 171.40900320746005 22.178139465861022 503.06505718827248 29.971644605509937 1.9791458323597897
leaf_count=56 19 562 192 15 75 22 3172 379 1423 3369 479 10694 647 44
internal_value=2.16584e-09 0.0729567 0.0765478 0.0435255 0.0775901 -0.079117 -0.0789438 -0.0790888 -0.0793725 -0.0789747 -0.0789463 -0.0788879 -0.0789374 -0.07887
internal_weight=1982.26 1030.19 1006.43 30.7957 975.631 23.7655 952.063 264.666 75.8904 188.776 22.9761 687.397 182.353 505.044
internal_count=21148 1364 844 207 637 520 19784 5227 1479 3748 498 14557 3819 10738
is_linear=0
shrinkage=0.05


Tree=4
num_leaves=15
num_cat=0
split_feature=9 2 5 5 4 5 18 16 18 17 5 5 6 6
split_gain=3898.72 195.598 11.2694 11.5697 0.581096 0.00296245 0.00280197 0.00261621 0.0039319 0.00131504 0.000696884 0.000265253 0.00127553 2.89053e-05
threshold=1.0000000180025095e-35 0.48681586980819708 0.015891849994659427 0.14142829179763797 0.011362984776496889 0.20571333169937137 1.2748305797576907 308.73341369628912 1.0926896929740908 148288.00000000003 0.13170507550239566 0.26927007734775549 24.500000000000004 31.500000000000004
decision_type=2 2 2 2 2 2 2 2 2 2 2 2 2 2
left_child=5 6 4 -4 -3 7 10 8 -1 -9 -2 12 -7 -13
right_child=1 2 3 -5 -6 11 -8 9 -10 -11 -12 13 -14 -15
leaf_value=-0.076995621550251248 -0.076552906415648936 0.067177711846770738 0.063804740227096077 0.016472708695794307 0.074621695337146146 -0.074682933664260362 -0.077260723551220142 -0.075216276937153548 -0.075072547258708947 -0.07474675590169666 -0.074691531520390361 -0.07466521992058929 -0.075041418628477255 -0.074698149913422704
leaf_weight=2.7635777257382861 0.51493805274367943 27.079464077949524 95.3175716008991 14.933453395962713 822.79084873199463 150.62018782924861 1.1562107186764468 16.416765593923628 69.55698549374938 162.8164779394865 21.409256639424711 395.26119164191186 29.707620671018958 80.153431291691959
leaf_count=56 12 19 100 182 543 3172 36 379 1423 3369 472 9078 647 1660
internal_value=3.39215e-10 0.0689757 0.0724334 0.0573936 0.0743845 -0.0747463 -0.0748618 -0.0748922 -0.075146 -0.0747898 -0.0747353 -0.0746904 -0.074742 -0.0746708
internal_weight=1890.5 983.202 960.121 110.251 849.87 907.296 23.0804 251.554 72.3206 179.233 21.9242 655.742 180.328 475.415
internal_count=21148 1364 844 282 562 19784 520 5227 1479 3748 484 14557 3819 10738
is_linear=0
shrinkage=0.05


Tree=5
num_leaves=15
num_cat=0
split_feature=9 2 5 3 4 5 16 17 8 17 5 5 6 18
split_gain=3379.34 177.492 12.1225 20.9893 0.549905 0.0042358 0.00461428 0.00274453 0.00152966 0.00117778 0.000624146 0.000400605 0.00191266 7.02588e-05
threshold=1.0000000180025095e-35 0.48681586980819708 0.015891849994659427 1.0000000180025095e-35 0.011362984776496889 0.20571333169937137 302.08424377441412 234443.00000000003 7.5000000000000009 164365.00000000003 0.12912064790725711 0.27645227313041693 24.500000000000004 1.2927447557449343
decision_type=2 2 2 2 2 2 2 2 2 2 2 2 2 2
left_child=5 8 4 -4 -3 6 7 -1 -2 -8 -10 12 -7 -13
right_child=1 2 3 -5 -6 11 9 -9 10 -11 -12 13 -14 -15
leaf_value=-0.072090399274704148 -0.073137612483593767 0.063853099992973589 0.059268302052956925 -0.026533686425009525 0.071248000294441338 -0.071274624400431197 -0.071745609839256 -0.071391296661694914 -0.073431347595179802 -0.071346306137306359 -0.071279234593855476 -0.071247407745529845 -0.071707110944118843 -0.071295250998087464
leaf_weight=47.271763971075416 1.2121409829705978 25.970070332288742 99.575389452278614 7.6771240402013055 786.4327886402607 155.38656800799072 21.017545707523823 19.969025805592537 0.34224836528301494 152.17875261418521 21.543026564177126 339.70774215133861 30.598231819458306 99.127932508476079
leaf_count=1017 34 19 170 112 543 3560 490 417 9 3303 477 7968 733 2296
internal_value=-4.4414e-10 0.0654876 0.0689258 0.0531266 0.0710116 -0.0713529 -0.0715312 -0.0718828 -0.0714087 -0.0713948 -0.0713129 -0.0712843 -0.0713458 -0.0712582
internal_weight=1808.01 942.753 919.655 107.253 812.403 865.258 240.437 67.2408 23.0974 173.196 21.8853 624.82 185.985 438.836
internal_count=21148 1364 844 282 562 19784 5227 1434 520 3793 486 14557 4293 10264
is_linear=0
shrinkage=0.05


Tree=6
num_leaves=15
num_cat=0
split_feature=9 2 5 18 0 5 16 17 18 8 5 6 5 18
split_gain=2977.77 155.687 12.7363 45.6704 3.90524 0.0046006 0.00458396 0.00281045 0.00131692 0.000993574 0.000488671 0.00193376 0.000450139 0.000215289
threshold=1.0000000180025095e-35 0.48681586980819708 0.10319854319095613 1.2927447557449343 0.59731385111808788 0.20571333169937137 302.08424377441412 316812.00000000006 1.3711274266242983 7.5000000000000009 0.25253438949584966 24.500000000000004 0.12912064790725711 1.444857180118561
decision_type=2 2 2 2 2 2 2 2 2 2 2 2 2 2
left_child=5 9 4 -4 -3 6 7 -1 -8 -2 11 -7 -11 -12
right_child=1 2 3 -5 -6 10 8 -9 -10 12 13 -13 -14 -15
leaf_value=-0.069250210654893715 -0.070005862303344726 0.054504489396857807 -0.075112697925880725 0.070447765000118373 0.06814447271059898 -0.068480889059452418 -0.068585273332533905 -0.0683861874838778 -0.070022417771501186 -0.070344210188753531 -0.06844466765160058 -0.069044327749409051 -0.068463420713433379 -0.068591002140881471
leaf_weight=52.934886747971177 1.1442505754530454 56.185624547302723 7.2467584535479572 21.017580270767212 794.76984667778015 100.52901856508106 163.68653013883159 11.446855850517748 1.6097163725644339 0.32314237579703586 451.66041369410232 17.946809398476034 20.51441543828696 26.61553287692368
leaf_count=1185 34 54 192 15 583 2295 3740 249 53 9 11177 437 477 648
internal_value=5.30234e-10 0.0628611 0.0661471 0.0331272 0.0672439 -0.0685485 -0.0687387 -0.0690966 -0.0685993 -0.0685714 -0.0684753 -0.0685662 -0.0684926 -0.0684528
internal_weight=1727.63 901.202 879.22 28.2643 850.955 826.43 229.678 64.3817 165.296 21.9818 596.752 118.476 20.8376 478.276
internal_count=21148 1364 844 207 637 19784 5227 1434 3793 520 14557 2732 486 11825
is_linear=0
shrinkage=0.05


Tree=7
num_leaves=15
num_cat=0
split_feature=9 2 5 5 4 5 16 17 18 18 5 6 5 18
split_gain=2643.84 138.114 10.8866 16.4936 4.42835 0.00415856 0.0034697 0.00251762 0.00143918 0.000661581 0.000427318 0.00175287 0.000390774 0.00016064
threshold=1.0000000180025095e-35 0.48681586980819708 0.050660187378525741 0.15997309982776645 0.0076752007007598886 0.20571333169937137 585.67593383789074 240214.50000000003 1.3711274266242983 1.2748305797576907 0.25253438949584966 24.500000000000004 0.12912064790725711 1.444857180118561
decision_type=2 2 2 2 2 2 2 2 2 2 2 2 2 2
left_child=5 9 4 -4 -3 6 7 -1 -8 12 11 -7 -2 -12
right_child=1 2 3 -5 -6 10 8 -9 -10 -11 13 -13 -14 -15
leaf_value=-0.066732896709139622 -0.067913386604719392 0.044256356160931501 0.053523717324834512 -0.023778254292276868 0.066040899660944161 -0.066122395609918713 -0.066164717821176292 -0.066193317887412978 -0.068054732817516547 -0.067366284617492042 -0.066090459889422359 -0.06666890882687658 -0.066115006535580237 -0.066217452466759058
leaf_weight=76.404116881545633 0.30682879127562657 24.072157800197601 51.723469832912087 7.9626814723014823 755.01646104454994 95.231495870277286 111.19317725626752 30.148734152317047 1.0164263825863589 1.1705531608313311 429.64910558983684 17.344103551469743 19.463028804864734 26.434256611391902
leaf_count=1834 9 20 98 152 574 2295 2640 711 42 36 11177 437 475 648
internal_value=2.14421e-10 0.0606246 0.0637911 0.0432109 0.0653678 -0.0661906 -0.0663759 -0.0665802 -0.0661818 -0.0662113 -0.0661194 -0.0662066 -0.0661429 -0.0660978
internal_weight=1647.14 859.715 838.775 59.6862 779.089 787.421 218.762 106.553 112.21 20.9404 568.659 112.576 19.7699 456.083
internal_count=21148 1364 844 250 594 19784 5227 2545 2682 520 14557 2732 484 11825
is_linear=0
shrinkage=0.05


Tree=8
num_leaves=15
num_cat=0
split_feature=9 2 5 5 4 5 16 17 17 8 5 6 5 18
split_gain=2359.48 123.754 11.1045 9.89631 0.699736 0.00440203 0.0039372 0.00249571 0.00157287 0.000455294 0.000451065 0.00197136 0.000310106 0.000147311
threshold=1.0000000180025095e-35 0.48681586980819708 0.015891849994659427 0.14142829179763797 0.011362984776496889 0.20571333169937137 302.08424377441412 240888.00000000003 148288.00000000003 7.5000000000000009 0.25521181523799902 22.500000000000004 0.12912064790725711 1.2927447557449343
decision_type=2 2 2 2 2 2 2 2 2 2 2 2 2 2
left_child=5 9 4 -4 -3 6 7 -1 -8 -2 11 -7 -11 -12
right_child=1 2 3 -5 -6 10 8 -9 -10 12 13 -13 -14 -15
leaf_value=-0.064933276552841424 -0.065241485748204264 0.055294257981627015 0.05239514370344539 0.0069411962462832856 0.064174498846037181 -0.06411895798234972 -0.064748893986835906 -0.064164068818573214 -0.064213594241434149 -0.065777673710630799 -0.064094646927152471 -0.064643612696539052 -0.064132546774071694 -0.06416560954975456
leaf_weight=44.75124428793788 1.0213097725063587 22.931304901838303 82.068750599399209 14.02062778174877 679.9990000128746 90.649662461131811 15.285600534640251 13.795774336904286 134.21123597817495 0.29091018252074974 333.15484133106656 22.311104240827262 18.689015433192253 93.703200301155448
leaf_count=1101 34 19 100 182 543 2285 424 333 3369 9 9165 600 477 2507
internal_value=2.79299e-10 0.0586304 0.0617055 0.0457629 0.0638848 -0.064209 -0.0644044 -0.064752 -0.0642683 -0.0642131 -0.0641337 -0.0642226 -0.0641578 -0.0641102
internal_weight=1566.88 819.021 799.02 96.0894 702.93 747.863 208.044 58.547 149.497 20.0012 539.819 112.961 18.9799 426.858
internal_count=21148 1364 844 282 562 19784 5227 1434 3793 520 14557 2885 486 11672
is_linear=0
shrinkage=0.05


Tree=9
num_leaves=15
num_cat=0
split_feature=9 2 5 5 4 5 16 17 17 5 6 13 5 18
split_gain=2116.37 110.459 11.6853 18.7318 5.19386 0.00470669 0.00477486 0.00286274 0.00130673 0.000502446 0.00214951 0.000313844 0.000206132 0.000184569
threshold=1.0000000180025095e-35 0.48681586980819708 0.050660187378525741 0.16184929013252261 0.0068066418170928964 0.20571333169937137 302.08424377441412 240888.00000000003 148288.00000000003 0.25521181523799902 22.500000000000004 0.99566602706909191 0.13170507550239566 1.2927447557449343
decision_type=2 2 2 2 2 2 2 2 2 2 2 2 2 2
left_child=5 11 4 -4 -3 6 7 -1 -8 10 -7 12 -2 -11
right_child=1 2 3 -5 -6 9 8 -9 -10 13 -12 -13 -14 -15
leaf_value=-0.063323173350642539 -0.063596987780699027 0.036682758766267642 0.048431746295277939 -0.041644114479492435 0.062398290303015184 -0.062428505768131595 -0.06302809993215093 -0.062476363032069632 -0.06252677854892584 -0.062401721066473216 -0.062985386915817343 -0.063387886646112362 -0.062436259035283465 -0.062483195352041387
leaf_weight=42.650917623192072 0.39102485030890122 20.21688549220562 49.699706578627229 6.5300173591822377 682.63370878994465 85.43666934967041 14.485323171596972 13.02933653257787 126.64196855574846 315.21798802237026 21.736859829630703 0.96357995457947154 17.532324422849342 89.176713669206947
leaf_count=1101 12 18 102 148 576 2285 424 333 3369 9165 600 34 474 2507
internal_value=9.15302e-10 0.0569321 0.0599039 0.0379711 0.0616586 -0.0625251 -0.0627329 -0.063125 -0.0625782 -0.0624452 -0.0625415 -0.0625088 -0.0624616 -0.0624197
internal_weight=1486.34 777.967 759.08 56.2297 702.851 708.376 196.808 55.6803 141.127 511.568 107.174 18.8869 17.9233 404.395
internal_count=21148 1364 844 250 594 19784 5227 1434 3793 14557 2885 520 486 11672
is_linear=0
shrinkage=0.05


Tree=10
num_leaves=15
num_cat=0
split_feature=9 2 5 3 4 5 16 17 17 5 6 18 5 18
split_gain=1903.78 99.1405 11.5324 12.9116 1.04201 0.00459212 0.00476172 0.00274903 0.00125297 0.000502868 0.00212918 0.000220332 0.000201043 0.000178341
threshold=1.0000000180025095e-35 0.48681586980819708 0.015891849994659427 1.0000000180025095e-35 0.010327085852622988 0.20571333169937137 302.08424377441412 240888.00000000003 148288.00000000003 0.25521181523799902 22.500000000000004 1.2748305797576907 0.12912064790725711 1.2927447557449343
decision_type=2 2 2 2 2 2 2 2 2 2 2 2 2 2
left_child=5 11 4 -4 -3 6 7 -1 -8 10 -7 12 -2 -11
right_child=1 2 3 -5 -6 9 8 -9 -10 13 -12 -13 -14 -15
leaf_value=-0.061885853469351104 -0.06238362728288413 0.049468312429015303 0.046836988370194593 -0.026428073667337695 0.061079254508931126 -0.060974845467756056 -0.061578817992381712 -0.061032744402716527 -0.061074129318027449 -0.060948800856030751 -0.061546142915127659 -0.061775277109852124 -0.060983675403138683 -0.061030427142297852
leaf_weight=40.530611746013165 0.26047912798822537 19.9555903673172 83.022050455212593 6.4830803405493489 609.59674875438213 78.524999869987369 13.709941339679061 12.311360869556664 119.41177339456044 297.44141154084355 20.584153267089278 0.98342234827577968 16.580904234899208 86.340294463559985
leaf_count=1101 9 18 170 112 544 2285 424 333 3369 9165 600 36 475 2507
internal_value=-4.02412e-10 0.0554361 0.0583236 0.0415302 0.0607112 -0.0610744 -0.0612855 -0.0616871 -0.0611261 -0.0609931 -0.0610935 -0.0610478 -0.0610053 -0.0609672
internal_weight=1405.74 736.882 719.057 89.5051 629.552 668.855 185.964 52.842 133.122 482.891 99.1092 17.8248 16.8414 383.782
internal_count=21148 1364 844 282 562 19784 5227 1434 3793 14557 2885 520 484 11672
is_linear=0
shrinkage=0.05


Tree=11
num_leaves=15
num_cat=0
split_feature=9 5 18 0 13 5 2 5 16 17 18 5 6 18
split_gain=1717.61 92.0632 30.6098 4.9797 9.85328 1.04797 0.085137 0.00436669 0.00433813 0.00253459 0.00111084 0.000509466 0.00212397 0.00022396
threshold=1.0000000180025095e-35 0.14142829179763797 1.2927447557449343 0.59731385111808788 0.94910207390785228 0.015891849994659427 0.48681586980819708 0.20571333169937137 302.08424377441412 316812.00000000006 1.3711274266242983 0.25521181523799902 22.500000000000004 1.2927447557449343
decision_type=2 2 2 2 2 2 2 2 2 2 2 2 2 2
left_child=7 3 6 4 -2 -5 -3 8 9 -1 -10 12 -9 -13
right_child=1 2 -4 5 -6 -7 -8 11 10 -11 -12 13 -14 -15
leaf_value=-0.060593717483159053 0.019298391216513781 -0.059727055717651911 0.055161906209475767 0.059770257494265712 0.061231623077763843 0.049544154644709071 -0.066609769284550618 -0.059723743239812312 -0.059864630095006824 -0.059655117344506937 -0.061380059437554237 -0.059694607727214438 -0.060309511272283456 -0.059788719667374757
leaf_weight=41.297029277309775 23.802174033597112 15.854644873645162 7.5078365281224242 581.91708593070507 34.04813914373517 26.18055684864521 6.269826551899313 73.516477510333061 124.08351051923819 8.7095473743975145 1.2211595438420761 279.5986326696584 19.601310990285128 81.683039650786668
leaf_count=1185 48 479 28 552 41 40 176 2285 3740 249 53 9165 600 2507
internal_value=4.49396e-11 0.0541593 -0.0320743 0.0579964 0.0439784 0.05933 -0.0616775 -0.0598245 -0.0600365 -0.0604302 -0.0598794 -0.0597428 -0.059847 -0.0597159
internal_weight=1325.29 695.58 29.6323 665.948 57.8503 608.098 22.1245 629.711 175.311 50.0066 125.305 454.399 93.1178 361.282
internal_count=21148 1364 683 681 89 592 655 19784 5227 1434 3793 14557 2885 11672
is_linear=0
shrinkage=0.05


Tree=12
num_leaves=15
num_cat=0
split_feature=9 5 18 5 17 4 2 5 16 17 17 5 6 18
split_gain=1559.29 83.2364 27.3436 3.17037 9.75272 3.11918 0.0597519 0.00404596 0.00393692 0.00235098 0.00089953 0.0004739 0.00189281 0.000179498
threshold=1.0000000180025095e-35 0.14142829179763797 1.2927447557449343 0.050660187378525741 212196.00000000003 0.0068066418170928964 0.48681586980819708 0.20571333169937137 302.08424377441412 240888.00000000003 148288.00000000003 0.25521181523799902 22.500000000000004 1.2927447557449343
decision_type=2 2 2 2 2 2 2 2 2 2 2 2 2 2
left_child=7 3 6 5 -5 -2 -3 8 9 -1 -10 12 -9 -13
right_child=1 2 -4 4 -6 -7 -8 11 10 -11 -12 13 -14 -15
leaf_value=-0.059523718986983699 0.0366881774666733 -0.058638611048100579 0.052962864852659532 -0.006180253499460657 0.056198346895043876 0.058644257332154351 -0.064632128696368391 -0.058635955443177429 -0.059183575267158173 -0.058685588046811892 -0.058742009194989356 -0.058606239847180011 -0.059205500853125773 -0.058693233989517715
leaf_weight=36.261251360177994 16.648570820689201 14.955162668600684 7.1732679493725291 7.937847087159752 29.751946615055203 569.83760257065296 5.7600541412830344 68.953559804707766 12.946169858798383 10.876573836430905 105.70384831959382 262.34128421032801 18.502085657324642 76.611272532492876
leaf_count=1101 18 479 28 42 45 576 176 2285 424 333 3369 9165 600 2507
internal_value=7.49777e-10 0.0533416 -0.0311712 0.0571176 0.0430608 0.058021 -0.0603052 -0.0587342 -0.0589438 -0.0593303 -0.0587902 -0.0586527 -0.0587564 -0.0586259
internal_weight=1244.26 652.064 27.8885 624.176 37.6898 586.486 20.7152 592.196 165.788 47.1378 118.65 426.408 87.4556 338.953
internal_count=21148 1364 683 681 87 594 655 19784 5227 1434 3793 14557 2885 11672
is_linear=0
shrinkage=0.05


Tree=13
num_leaves=15
num_cat=0
split_feature=9 5 18 5 17 4 2 5 16 17 17 5 6 18
split_gain=1412.85 74.807 24.4464 2.99753 5.2138 0.642519 0.0422872 0.00349303 0.00302075 0.00191227 0.000980412 0.000417892 0.00158849 0.000140375
threshold=1.0000000180025095e-35 0.14142829179763797 1.2927447557449343 0.015891849994659427 212196.00000000003 0.011362984776496889 0.48681586980819708 0.20571333169937137 302.08424377441412 240888.00000000003 164365.00000000003 0.25521181523799902 22.500000000000004 1.2927447557449343
decision_type=2 2 2 2 2 2 2 2 2 2 2 2 2 2
left_child=7 3 6 5 -5 -2 -3 8 9 -1 -10 12 -9 -13
right_child=1 2 -4 4 -6 -7 -8 11 10 -11 -12 13 -14 -15
leaf_value=-0.058508187326399619 0.048050574447228635 -0.057691549793548083 0.050885689489347345 0.024336427418429649 0.055360077882059489 0.057771579333571056 -0.062935209154536084 -0.05768639005390646 -0.05822850710379706 -0.05772700245956746 -0.057783912925790021 -0.057656251626420588 -0.058224763851832929 -0.057735755424808001
leaf_weight=34.118351900950074 17.593496412038803 13.967895368114119 6.8412403352558604 19.397304931655526 44.870279477909207 502.39587694406509 5.3051862288266411 64.336822871118784 14.213628070428966 10.168881313875316 97.179400633089244 245.23272489849478 17.40849832072854 71.769084293860942
leaf_count=1101 19 479 28 56 63 543 176 2285 490 333 3303 9165 600 2507
internal_value=-2.11523e-10 0.0524829 -0.0303125 0.0561836 0.0459965 0.0574427 -0.0591349 -0.0577787 -0.0579795 -0.0583288 -0.0578406 -0.0577002 -0.057801 -0.0576743
internal_weight=1164.8 610.371 26.1143 584.257 64.2676 519.989 19.2731 554.427 155.68 44.2872 111.393 398.747 81.7453 317.002
internal_count=21148 1364 683 681 119 562 655 19784 5227 1434 3793 14557 2885 11672
is_linear=0
shrinkage=0.05


Tree=14
num_leaves=15
num_cat=0
split_feature=9 2 5 16 4 18 5 16 17 5 17 5 6 18
split_gain=1278.46 67.6457 9.0011 12.0461 2.01832 0.00348058 0.00300145 0.0022185 0.00152255 0.0012045 0.00111926 0.00036435 0.00134927 0.000110588
threshold=1.0000000180025095e-35 0.48681586980819708 0.055883884429931648 444.40925598144537 0.0068066418170928964 1.318307161331177 0.20571333169937137 302.08424377441412 240888.00000000003 0.14142829179763797 164365.00000000003 0.25521181523799902 22.500000000000004 1.2927447557449343
decision_type=2 2 2 2 2 2 2 2 2 2 2 2 2 2
left_child=6 5 4 -4 -3 9 7 8 -1 -2 -9 12 -8 -13
right_child=1 2 3 -5 -6 -7 11 10 -10 -11 -12 13 -14 -15
leaf_value=-0.057608584457825789 -0.059657882380749233 0.039376754119945824 0.052535638977725369 -0.0046424039601294679 0.056699243547945144 -0.0610570912572879 -0.056853634769777339 -0.057438534757589976 -0.056886663294787178 -0.05686366621891456 -0.056947850916398569 -0.056824321337960587 -0.057366002380941097 -0.056897432927182939
leaf_weight=31.940059512853622 0.3974526505917283 17.401522755622864 24.8616678789258 14.633119635283945 499.33267650008202 0.53550579957664091 59.95859885122627 13.330521548166869 9.4686667360365373 13.020749766379593 90.656161498278379 228.42518342100084 16.35379342129454 66.861211756709963
leaf_count=1101 19 21 49 194 580 22 2285 490 333 479 3303 9165 600 2507
internal_value=9.75181e-10 0.0516297 0.0543575 0.0313507 0.0561159 -0.0571042 -0.0569414 -0.057134 -0.0574435 -0.0569464 -0.0570108 -0.056866 -0.0569634 -0.0568409
internal_weight=1087.18 570.183 556.229 39.4948 516.734 13.9537 516.994 145.395 41.4087 13.4182 103.987 371.599 76.3124 295.286
internal_count=21148 1364 844 243 601 520 19784 5227 1434 498 3793 14557 2885 11672
is_linear=0
shrinkage=0.05


Tree=15
num_leaves=15
num_cat=0
split_feature=9 5 18 5 17 4 2 5 16 17 17 5 6 18
split_gain=1156.85 62.2915 20.1192 3.0932 4.84164 0.662365 0.0309557 0.00255074 0.00156233 0.00118318 0.000870987 0.000342457 0.0012256 9.71067e-05
threshold=1.0000000180025095e-35 0.14142829179763797 1.2927447557449343 0.015891849994659427 212196.00000000003 0.010327085852622988 0.48681586980819708 0.20571333169937137 302.08424377441412 240888.00000000003 164365.00000000003 0.25521181523799902 22.500000000000004 1.2927447557449343
decision_type=2 2 2 2 2 2 2 2 2 2 2 2 2 2
left_child=7 3 6 5 -5 -2 -3 8 9 -1 -10 12 -9 -13
right_child=1 2 -4 4 -6 -7 -8 11 10 -11 -12 13 -14 -15
leaf_value=-0.056811278817412464 0.045460657320361926 -0.056130018109506435 0.048343659923543149 0.021991911581318163 0.053316032569680906 0.056241361887419586 -0.060852608625308613 -0.056124697154811103 -0.056675560642043522 -0.056151335646487624 -0.056227063176368969 -0.056094265564170166 -0.05663004242473671 -0.056165332866985829
leaf_weight=29.786122446879745 14.729050248861311 12.113803208805626 6.1067291386425486 17.895963283255696 39.70621277205646 435.91133224964142 4.8628579638898364 55.673128032125533 12.416981783695517 8.7976582031697017 84.437183635309339 212.08041057828814 15.294065034016965 62.154385734349489
leaf_count=1101 18 479 28 56 63 544 176 2285 490 333 3303 9165 600 2507
internal_value=-3.42378e-10 0.0508459 -0.0294863 0.0544944 0.0435842 0.055889 -0.0574828 -0.0562079 -0.0563917 -0.0566608 -0.0562846 -0.0561357 -0.0562336 -0.0561104
internal_weight=1011.97 531.326 23.0834 508.243 57.6022 450.64 16.9767 480.64 135.438 38.5838 96.8542 345.202 70.9672 274.235
internal_count=21148 1364 683 681 119 562 655 19784 5227 1434 3793 14557 2885 11672
is_linear=0
shrinkage=0.05


Tree=16
num_leaves=15
num_cat=0
split_feature=9 5 16 5 17 4 2 5 16 17 18 5 6 18
split_gain=1046.35 56.0203 18.272 3.23423 4.49619 0.617467 0.019093 0.00221768 0.00132173 0.00103236 0.000576232 0.000287506 0.00100569 7.75547e-05
threshold=1.0000000180025095e-35 0.14142829179763797 266.03240966796881 0.015891849994659427 212196.00000000003 0.010327085852622988 0.48681586980819708 0.20571333169937137 585.67593383789074 240214.50000000003 1.3711274266242983 0.25521181523799902 22.500000000000004 1.2927447557449343
decision_type=2 2 2 2 2 2 2 2 2 2 2 2 2 2
left_child=7 3 -3 5 -5 -2 -4 8 9 -1 -10 12 -9 -13
right_child=1 2 6 4 -6 -7 -8 11 10 -11 -12 13 -14 -15
leaf_value=-0.05602503454728186 0.044828601111143611 0.047459723233451045 -0.055681369715541162 0.02121176502919711 0.052074086678895015 0.055589798425212771 -0.059625738197959216 -0.055478876414209205 -0.055561842088814956 -0.055567896438635189 -0.057163984443950461 -0.055449142386577027 -0.055954330601113191 -0.055515154722617747
leaf_weight=45.171879209578037 13.78519096970558 5.7458342518657473 11.544463630765675 17.286114182323217 37.192593721672893 403.75714626908302 4.1784999798983327 51.557748791761696 63.206741185858846 16.997570709325373 0.56625046394765277 196.19785368908197 14.181366533040999 57.543244081549346
leaf_count=1834 18 24 493 56 63 544 166 2285 2640 711 42 9165 600 2507
internal_value=-6.00085e-10 0.0501468 -0.0288447 0.0537395 0.0422815 0.0552345 -0.0567296 -0.0555583 -0.055736 -0.0559 -0.0555761 -0.0554883 -0.0555814 -0.0554641
internal_weight=938.912 493.49 21.4688 472.021 54.4787 417.542 15.723 445.423 125.942 62.1694 63.773 319.48 65.7391 253.741
internal_count=21148 1364 683 681 119 562 659 19784 5227 2545 2682 14557 2885 11672
is_linear=0
shrinkage=0.05


Tree=17
num_leaves=15
num_cat=0
split_feature=9 2 5 17 4 18 5 5 16 17 18 5 6 18
split_gain=946.125 50.2247 8.10002 9.77944 2.13446 0.0024648 0.00193857 0.00182768 0.00113461 0.000906243 0.000460569 0.000239299 0.000821907 6.17443e-05
threshold=1.0000000180025095e-35 0.48681586980819708 0.055883884429931648 212196.00000000003 0.0068066418170928964 1.318307161331177 0.20571333169937137 0.14142829179763797 585.67593383789074 240214.50000000003 1.3711274266242983 0.25521181523799902 22.500000000000004 1.2927447557449343
decision_type=2 2 2 2 2 2 2 2 2 2 2 2 2 2
left_child=6 5 4 -4 -3 7 8 -2 9 -1 -10 12 -8 -13
right_child=1 2 3 -5 -6 -7 11 -9 10 -11 -12 13 -14 -15
leaf_value=-0.055435545574898798 -0.058391710647733776 0.035657404559636278 -0.042707484607269107 0.038740482659492897 0.054754312961237533 -0.058724884741432282 -0.054907760487096585 -0.054925723805723393 -0.054988708049463098 -0.054990191283379876 -0.056424989307661683 -0.054879005795979999 -0.055354927454961823 -0.054940299388679538
leaf_weight=41.968225890770555 0.39494488388299664 15.190973743796347 4.2251300793141118 28.854873672127724 397.61309479176998 0.47765175998210985 47.596131096594036 10.294978586025534 58.420260754413903 15.694521985016761 0.56354033574461837 181.14998937677592 13.105444692540912 53.140080837067217
leaf_count=1834 19 21 84 159 580 22 2285 479 2640 711 42 9165 600 2507
internal_value=-1.12868e-09 0.0495207 0.0521438 0.0283376 0.0540516 -0.0552108 -0.0549841 -0.0550538 -0.0551566 -0.0553143 -0.0550024 -0.0549158 -0.0550043 -0.0548929
internal_weight=868.69 457.052 445.884 33.08 412.804 11.1676 411.638 10.6899 116.647 57.6627 58.9838 294.992 60.7016 234.29
internal_count=21148 1364 844 243 601 520 19784 498 5227 2545 2682 14557 2885 11672
is_linear=0
shrinkage=0.05


Tree=18
num_leaves=15
num_cat=0
split_feature=9 5 16 5 17 4 2 5 17 16 12 5 6 18
split_gain=854.521 46.2794 15.4949 3.26139 3.85467 0.634213 0.0155589 0.00176307 0.00108529 0.000919893 0.000853444 0.000209752 0.000725575 5.20406e-05
threshold=1.0000000180025095e-35 0.14142829179763797 266.03240966796881 0.015891849994659427 212196.00000000003 0.010327085852622988 0.48681586980819708 0.20571333169937137 163410.50000000003 286.02973937988287 0.66656816005706798 0.25521181523799902 22.500000000000004 1.2927447557449343
decision_type=2 2 2 2 2 2 2 2 2 2 2 2 2 2
left_child=7 3 -3 5 -5 -2 -4 8 10 -10 -1 12 -9 -13
right_child=1 2 6 4 -6 -7 -8 11 9 -11 -12 13 -14 -15
leaf_value=-0.056274030142934743 0.042845450927438092 0.047238241323454035 -0.054563612663815313 0.020026565526342542 0.050114765813105699 0.054511335661568808 -0.058315961532854101 -0.054400811905939643 -0.054834034288100422 -0.054493079326050048 -0.054945923902103802 -0.054373662529579106 -0.054837566567596398 -0.054432306187422723
leaf_weight=1.3657843768596638 12.059409439563749 5.0013655778020647 9.8243463058024627 15.815204323269425 32.559562847018242 343.48241372406483 3.8432834697887293 43.804758821614087 27.909098817035556 67.940097058191895 10.579175039194523 166.64525564899668 12.145959798712282 48.940383983077481
leaf_count=56 18 24 493 56 63 544 166 2285 1292 3358 521 9165 600 2507
internal_value=-3.83572e-10 0.0489011 -0.0280637 0.0524584 0.040278 0.0541156 -0.0556188 -0.0544773 -0.0546484 -0.0545924 -0.0550978 -0.0544094 -0.0544956 -0.054387
internal_weight=801.916 422.586 18.669 403.917 48.3748 355.542 13.6676 379.331 107.794 95.8492 11.945 271.536 55.9507 215.586
internal_count=21148 1364 683 681 119 562 659 19784 5227 4650 577 14557 2885 11672
is_linear=0
shrinkage=0.05


Tree=19
num_leaves=15
num_cat=0
split_feature=9 5 16 5 17 4 2 5 17 12 16 5 6 18
split_gain=771.051 41.492 13.8931 3.41821 3.61396 0.621192 0.0112116 0.00152287 0.00110599 0.00074151 0.000702457 0.000178792 0.000607081 4.16999e-05
threshold=1.0000000180025095e-35 0.14142829179763797 266.03240966796881 0.015891849994659427 212196.00000000003 0.010327085852622988 0.48681586980819708 0.20571333169937137 163410.50000000003 0.66656816005706798 286.02973937988287 0.25521181523799902 22.500000000000004 1.2927447557449343
decision_type=2 2 2 2 2 2 2 2 2 2 2 2 2 2
left_child=7 3 -3 5 -5 -2 -4 8 9 -1 -10 12 -9 -13
right_child=1 2 6 4 -6 -7 -8 11 10 -11 -12 13 -14 -15
leaf_value=-0.055791853590075102 0.042094957783526545 0.045824249925983045 -0.054100021572642459 0.019199065789769595 0.049021313998861116 0.054057949463523658 -0.057432416294371819 -0.053951206869728097 -0.05435110836599532 -0.054513174230107653 -0.054040657058623424 -0.053924834547502 -0.054367268290626172 -0.053979622273734706
leaf_weight=1.2818850334733713 11.238048344850538 4.6943777725100544 9.0191881591454131 15.274242333136497 30.333237389102578 315.41382053494453 3.5048892134800544 40.207809154875576 25.727090408094227 9.8140819054096919 62.452563966158777 152.90712772822008 11.212289280723779 44.936923203524202
leaf_count=56 18 24 493 56 63 544 166 2285 1292 521 3358 9165 600 2507
internal_value=-4.79153e-10 0.0483463 -0.0275354 0.0518561 0.0390336 0.0536464 -0.0550326 -0.0540248 -0.0541904 -0.0546609 -0.0541312 -0.0539589 -0.0540419 -0.0539373
internal_weight=738.018 389.478 17.2185 372.259 45.6075 326.652 12.5241 348.54 99.2756 11.096 88.1797 249.264 51.4201 197.844
internal_count=21148 1364 683 681 119 562 659 19784 5227 577 4650 14557 2885 11672
is_linear=0
shrinkage=0.05


Tree=20
num_leaves=15
num_cat=0
split_feature=9 5 18 5 17 4 2 5 17 12 16 5 6 12
split_gain=694.983 37.1775 12.6598 3.57638 3.39164 0.618102 0.0106409 0.00132079 0.00110192 0.000643837 0.000540348 0.000153841 0.00051034 3.41618e-05
threshold=1.0000000180025095e-35 0.14142829179763797 1.2927447557449343 0.015891849994659427 212196.00000000003 0.010327085852622988 0.48681586980819708 0.20571333169937137 163410.50000000003 0.66656816005706798 286.02973937988287 0.25521181523799902 22.500000000000004 0.99786275625228893
decision_type=2 2 2 2 2 2 2 2 2 2 2 2 2 2
left_child=7 3 6 5 -5 -2 -3 8 9 -1 -10 12 -9 -13
right_child=1 2 -4 4 -6 -7 -8 11 10 -11 -12 13 -14 -15
leaf_value=-0.055358192360689097 0.041282896204952443 -0.053581951035161557 0.045451239601982989 0.018372777511568066 0.04795516751780695 0.053655178112600205 -0.056888659191113147 -0.053551373418649344 -0.053922126848400045 -0.054126651531536951 -0.053638077905614479 -0.053535575676496222 -0.053949059459387209 -0.053858434581163753
leaf_weight=1.2015513340011228 10.460398465394972 7.9867961630225164 4.3639451358467332 14.755223638378082 28.219738874584436 288.88083954155445 3.4986631572246552 36.85972377192229 23.661280025728047 9.0887870043516141 57.260145571548492 180.18874939484522 10.327369136735795 0.82306510861962934
leaf_count=56 18 479 28 56 63 544 176 2285 1292 521 3358 11624 600 48
internal_value=-8.73334e-10 0.0478201 -0.0270443 0.0512864 0.0377982 0.0532228 -0.0545892 -0.0536223 -0.0537831 -0.0542705 -0.0537211 -0.053558 -0.0536384 -0.053537
internal_weight=677.576 358.166 15.8494 342.316 42.975 299.341 11.4855 319.411 91.2118 10.2903 80.9214 228.199 47.1871 181.012
internal_count=21148 1364 683 681 119 562 655 19784 5227 577 4650 14557 2885 11672
is_linear=0
shrinkage=0.05


Tree=21
num_leaves=15
num_cat=0
split_feature=9 2 5 16 4 5 18 5 17 12 16 5 6 12
split_gain=625.723 33.6319 7.06185 7.13508 2.36487 0.00222492 0.00127969 0.00115405 0.00108458 0.000558693 0.000438131 0.000130191 0.00042351 2.89605e-05
threshold=1.0000000180025095e-35 0.48681586980819708 0.055883884429931648 444.40925598144537 0.0068066418170928964 0.14142829179763797 1.318307161331177 0.20571333169937137 163410.50000000003 0.66656816005706798 462.91030883789068 0.25521181523799902 22.500000000000004 0.99786275625228893
decision_type=2 2 2 2 2 2 2 2 2 2 2 2 2 2
left_child=7 5 4 -4 -3 -2 -7 8 9 -1 -10 12 -9 -13
right_child=1 2 3 -5 -6 6 -8 11 10 -11 -12 13 -14 -15
leaf_value=-0.054967504495986169 -0.057258211903595202 0.030873868687021685 0.045974271159108279 -0.008099885165149482 0.052982960238621306 -0.0532262977480982 -0.056216727878364729 -0.053194980338059333 -0.053508650968427808 -0.053781538887258909 -0.053259005845949628 -0.053178939104680203 -0.053574116715706235 -0.053489208543903412
leaf_weight=1.1249581715092052 0.3870615027844887 12.636080563068388 15.452459849417211 10.079774076119064 282.45805782079697 7.2965227360837162 0.37619205005466927 33.659112812019885 28.667901015840471 8.4687336739152652 45.420465850271285 164.46909222030081 9.4290502038784307 0.75554208317771454
leaf_count=56 19 21 49 194 580 479 22 2285 1733 521 2917 11624 600 48
internal_value=5.98225e-10 0.0473177 0.0498535 0.0246265 0.0520362 -0.0535595 -0.0533729 -0.0532635 -0.0534204 -0.0539206 -0.0533556 -0.0532005 -0.0532779 -0.0531804
internal_weight=620.681 328.686 320.626 25.5322 295.094 8.05978 7.67271 291.995 83.6821 9.59369 74.0884 208.313 43.0882 165.225
internal_count=21148 1364 844 243 601 520 501 19784 5227 577 4650 14557 2885 11672
is_linear=0
shrinkage=0.05


Tree=22
num_leaves=15
num_cat=0
split_feature=9 5 18 5 17 4 2 5 17 12 16 5 6 12
split_gain=563.008 30.4582 10.3851 3.70348 3.22176 0.796277 0.00744712 0.000974507 0.000855454 0.000419215 0.000314394 0.000117682 0.000376339 2.73551e-05
threshold=1.0000000180025095e-35 0.14142829179763797 1.2927447557449343 0.015891849994659427 212196.00000000003 0.008917272090911867 0.48681586980819708 0.20571333169937137 163410.50000000003 0.66656816005706798 462.91030883789068 0.25521181523799902 21.500000000000004 0.99786275625228893
decision_type=2 2 2 2 2 2 2 2 2 2 2 2 2 2
left_child=7 3 6 5 -5 -2 -3 8 9 -1 -10 12 -9 -13
right_child=1 2 -4 4 -6 -7 -8 11 10 -11 -12 13 -14 -15
leaf_value=-0.054500533947591037 0.036588251969225681 -0.052904311140612607 0.043972728939727555 0.016200601042834446 0.046614319555832145 0.053009384542585747 -0.055877183996344906 -0.052872564477803655 -0.053169294976241982 -0.053431289145009886 -0.052948226868624382 -0.052861273728883301 -0.053233910364572326 -0.053175493524352614
leaf_weight=1.038999279960988 7.614668756723403 6.6457172981463355 3.762579144909977 13.558045933023093 24.339004807174206 242.02585150301456 3.0842057708650827 29.823407863266766 26.24797451775521 7.7870891694910824 41.5282251117751 149.77327587758191 9.5012531075626594 0.69586442038416763
leaf_count=56 15 479 28 56 63 547 176 2221 1733 521 2917 11624 664 48
internal_value=2.53049e-10 0.0468524 -0.0265683 0.0502976 0.0357335 0.0525085 -0.0538467 -0.0529436 -0.0530941 -0.0535572 -0.0530338 -0.0528829 -0.0529599 -0.0528627
internal_weight=567.426 301.03 13.4925 287.538 37.8971 249.641 9.72992 266.396 76.6023 8.82609 67.7762 189.794 39.3247 150.469
internal_count=21148 1364 683 681 119 562 655 19784 5227 577 4650 14557 2885 11672
is_linear=0
shrinkage=0.05


Tree=23
num_leaves=15
num_cat=0
split_feature=9 2 5 16 4 5 18 5 17 12 16 5 6 12
split_gain=505.809 27.339 6.50507 5.86694 2.4709 0.00184493 0.00111026 0.000846233 0.000834274 0.000364763 0.000259416 0.000103878 0.000324587 2.3628e-05
threshold=1.0000000180025095e-35 0.48681586980819708 0.055883884429931648 444.40925598144537 0.0068066418170928964 0.14142829179763797 1.318307161331177 0.20571333169937137 163410.50000000003 0.66656816005706798 462.91030883789068 0.25521181523799902 21.500000000000004 0.99786275625228893
decision_type=2 2 2 2 2 2 2 2 2 2 2 2 2 2
left_child=7 5 4 -4 -3 -2 -7 8 9 -1 -10 12 -9 -13
right_child=1 2 3 -5 -6 6 -8 11 10 -11 -12 13 -14 -15
leaf_value=-0.054188916060766736 -0.056473459145309317 0.028660570567291706 0.044192183665240588 -0.0081069587395376126 0.052346642488435347 -0.052620769142578419 -0.055523628036982436 -0.05258792472546725 -0.052869596553934334 -0.053156224423597055 -0.052659357950892806 -0.052576301059801815 -0.052938372780864745 -0.052880050563887587
leaf_weight=0.9706267509609442 0.35675522219389577 11.552723988890646 13.236779357306661 9.0142718441784364 234.60753411054611 6.0468237153254449 0.34836900420486916 27.100605751853436 23.996760534122586 7.1833388484083116 37.762668231967837 136.04614328360185 8.737582150846718 0.64325645053759117
leaf_count=56 19 21 49 194 580 479 22 2221 1733 521 2917 11624 664 48
internal_value=1.72327e-10 0.0463951 0.0488948 0.0230049 0.051235 -0.0529741 -0.0527789 -0.0526571 -0.0528038 -0.0532792 -0.052741 -0.0525976 -0.0526734 -0.0525777
internal_weight=517.604 275.163 268.411 22.2511 246.16 6.75195 6.39519 242.441 69.9134 8.15397 61.7594 172.528 35.8382 136.689
internal_count=21148 1364 844 243 601 520 501 19784 5227 577 4650 14557 2885 11672
is_linear=0
shrinkage=0.05


Tree=24
num_leaves=13
num_cat=0
split_feature=9 2 5 18 5 9 4 9 5 18 5 4
split_gain=454.181 24.6129 5.18616 3.42112 1.74598 2.12608 0.68684 0.048155 0.00137816 0.00080076 0.000669958 2.74863e-05
threshold=1.5000000000000002 0.48681586980819708 0.015891849994659427 1.1428678035736086 1.0000000180025095e-35 1.0000000180025095e-35 0.010327085852622988 1.0000000180025095e-35 0.14142829179763797 1.318307161331177 0.20571333169937137 0.022203743457794193
decision_type=2 2 2 2 2 2 2 2 2 2 2 2
left_child=4 8 6 -4 5 11 -3 10 -2 -10 -6 -1
right_child=1 2 3 -5 7 -7 -8 -9 9 -11 -12 -13
leaf_value=-0.052633954446724356 -0.055852727994617428 0.037328741347465423 0.0095639884259329372 0.041949997840771053 -0.052536775168704343 0.055912319732097454 0.052476806258195313 -0.064546716155632317 -0.052362937343586727 -0.054958620554520957 -0.052343399407253403 -0.053163299619382709
leaf_weight=0.50280640879645833 0.3242954732850184 7.7773094624280921 11.902008233591912 25.897899510338902 62.744602074380964 0.82750681042671204 197.80858626961708 0.81882723979651828 5.4901382056996226 0.31412538234144438 156.52733149239793 0.47871709894388914
leaf_count=45 19 18 157 91 5148 2 542 34 479 22 14557 34
internal_value=-5.423e-10 0.0462822 0.0487741 0.0317527 -0.0520418 -0.00312159 0.0519038 -0.0524439 -0.0526806 -0.0525034 -0.0523987 -0.0528921
internal_weight=471.414 249.514 243.386 37.7999 221.9 1.80903 205.586 220.091 6.12856 5.80426 219.272 0.981524
internal_count=21148 1328 808 248 19820 81 560 19739 520 501 19705 79
is_linear=0
shrinkage=0.05


Tree=25
num_leaves=15
num_cat=0
split_feature=9 5 18 5 17 4 5 5 17 12 2 5 6 18
split_gain=407.278 22.899 10.7784 3.0279 2.90313 0.791227 0.0259408 0.00062767 0.000549568 0.000270481 0.000182641 8.63715e-05 0.000250831 2.38515e-05
threshold=1.0000000180025095e-35 0.12912064790725711 1.2927447557449343 0.015891849994659427 212196.00000000003 0.0097154527902603167 0.13877886533737185 0.20571333169937137 163410.50000000003 0.66656816005706798 0.55932754278182995 0.25521181523799902 21.500000000000004 0.87471452355384838
decision_type=2 2 2 2 2 2 2 2 2 2 2 2 2 2
left_child=7 3 6 5 -5 -2 -3 8 9 -1 -10 12 -9 -13
right_child=1 2 -4 4 -6 -7 -8 11 10 -11 -12 13 -14 -15
leaf_value=-0.053574441094508707 0.034477403901191431 -0.064269271539012712 0.045383779226212645 0.014997133840834488 0.047058745865730812 0.052243147059372011 -0.053103890077317674 -0.052108030078999314 -0.052348725977726024 -0.052614542734126447 -0.052159895115703028 -0.05252383673772773 -0.052444977690122734 -0.052094336737478819
leaf_weight=0.83619760442525048 6.4924179613590232 0.5581305604428034 4.1016799146309486 11.663579331710936 17.890404544770718 180.67793932557106 7.6561849443241954 22.275075179524723 25.700896852184087 5.9977503181435168 25.52118959184736 0.32418041070923109 7.3443792068865141 111.79103299230337
leaf_count=56 16 15 31 46 52 546 658 2221 2289 521 2361 31 664 11641
internal_value=-1.11043e-09 0.0455097 -0.0208099 0.0492785 0.0344055 0.0516269 -0.0538625 -0.0521724 -0.0523108 -0.052732 -0.0522546 -0.0521156 -0.0521916 -0.0520956
internal_weight=428.831 229.04 12.316 216.724 29.554 187.17 8.21432 199.791 58.056 6.83395 51.2221 141.735 29.6195 112.115
internal_count=21148 1364 704 660 98 562 673 19784 5227 577 4650 14557 2885 11672
is_linear=0
shrinkage=0.05


Tree=26
num_leaves=15
num_cat=0
split_feature=9 5 18 5 17 4 5 5 17 12 2 5 6 18
split_gain=364.763 20.3278 9.58334 3.13311 2.7069 0.68134 0.0179195 0.000537858 0.000529427 0.000233614 0.000148438 7.23757e-05 0.000206732 1.85189e-05
threshold=1.0000000180025095e-35 0.12912064790725711 1.2927447557449343 0.015891849994659427 212196.00000000003 0.010327085852622988 0.13877886533737185 0.20571333169937137 163410.50000000003 0.66656816005706798 0.55932754278182995 0.25521181523799902 20.500000000000004 0.87471452355384838
decision_type=2 2 2 2 2 2 2 2 2 2 2 2 2 2
left_child=7 3 6 5 -5 -2 -3 8 9 -1 -10 12 -9 -13
right_child=1 2 -4 4 -6 -7 -8 11 10 -11 -12 13 -14 -15
leaf_value=-0.053340224472597376 0.035712110877122193 -0.062663499592699221 0.044382558285246461 0.014355014589108196 0.046164882266739052 0.052020590295848525 -0.052797498569269533 -0.051897459105519572 -0.052129802730326517 -0.052415212124264955 -0.051951020195803665 -0.05228557202306932 -0.052208849258530157 -0.051889121689532913
leaf_weight=0.77897006552666326 6.6668235361576071 0.4930099342018347 3.7779845278710127 11.260223402641715 16.470149340108037 162.68695975840092 6.9237846280448139 19.480485638603572 23.38426639768295 5.5152923543937504 23.058458240702748 0.29542489442974229 7.3378954529762259 100.93184975243639
leaf_count=56 18 15 31 46 52 544 658 2150 2289 521 2361 31 735 11641
internal_value=5.27377e-11 0.0451047 -0.0204359 0.0488276 0.0332481 0.0513786 -0.0534533 -0.051965 -0.0520994 -0.0525297 -0.052041 -0.0519096 -0.0519827 -0.0518903
internal_weight=389.062 208.279 11.1948 197.084 27.7304 169.354 7.41679 180.783 52.737 6.29426 46.4427 128.046 26.8184 101.227
internal_count=21148 1364 704 660 98 562 673 19784 5227 577 4650 14557 2885 11672
is_linear=0
shrinkage=0.05


Tree=27
num_leaves=15
num_cat=0
split_feature=9 5 16 5 17 4 2 5 17 12 2 5 2 12
split_gain=326.113 18.3349 6.28481 3.72571 2.50434 0.674982 0.00179041 0.000462135 0.000502532 0.00020163 0.000120072 6.01584e-05 0.000197498 1.24743e-05
threshold=1.0000000180025095e-35 0.14142829179763797 266.03240966796881 0.015891849994659427 212196.00000000003 0.010327085852622988 0.48456904292106634 0.20571333169937137 163410.50000000003 0.66656816005706798 0.55932754278182995 0.26927007734775549 0.46364846825599676 0.99786275625228893
decision_type=2 2 2 2 2 2 2 2 2 2 2 2 2 2
left_child=7 3 -3 5 -5 -2 -4 8 9 -1 -10 12 -9 -13
right_child=1 2 6 4 -6 -7 -8 11 10 -11 -12 13 -14 -15
leaf_value=-0.053126034746750345 0.034929979675656857 0.041338520950754742 -0.051898745406318475 0.012718880242247377 0.043509742110358893 0.051819310756061915 -0.05371970593402553 -0.051959408535949894 -0.05193328942065141 -0.052234715643490352 -0.051764137931832557 -0.051701100021977399 -0.051695710691270103 -0.051978376323422552
leaf_weight=0.72535073710605402 6.1640159636735907 2.4925287961959821 4.3358613373711705 11.036302516236903 16.442150465212762 146.85619820654392 1.9600925599224863 10.616237328154964 21.176102102035657 5.0655787424184382 20.792776633054018 83.042016566731036 21.441080845892429 0.40762024093419214
leaf_count=56 18 24 489 56 63 544 170 1213 2289 521 2361 10694 2606 44
internal_value=-2.37385e-10 0.0446611 -0.0258616 0.0480949 0.0311431 0.051139 -0.0524657 -0.0517789 -0.0519097 -0.0523464 -0.0518495 -0.0517248 -0.051783 -0.0517025
internal_weight=352.554 189.287 8.78848 180.499 27.4785 153.02 6.29595 163.267 47.7598 5.79093 41.9689 115.507 32.0573 83.4496
internal_count=21148 1364 683 681 119 562 659 19784 5227 577 4650 14557 3819 10738
is_linear=0
shrinkage=0.05


Tree=28
num_leaves=15
num_cat=0
split_feature=9 5 18 5 17 4 5 17 12 5 5 2 18 4
split_gain=291.524 16.3636 7.76154 3.28383 2.34776 0.803249 0.0127987 0.0004276 0.000347451 0.000210773 0.000179152 0.000121578 1.92565e-05 4.3478e-07
threshold=1.0000000180025095e-35 0.12912064790725711 1.2927447557449343 0.015891849994659427 212196.00000000003 0.008917272090911867 0.13877886533737185 163410.50000000003 0.66656816005706798 0.22107179462909701 0.2449322193861008 0.50097954273223888 0.87471452355384838 0.0084989368915557879
decision_type=2 2 2 2 2 2 2 2 2 2 2 2 2 2
left_child=7 3 6 5 -5 -2 -3 8 13 -10 11 -9 -12 -1
right_child=1 2 -4 4 -6 -7 -8 10 9 -11 12 -13 -14 -15
leaf_value=-0.052916750030366513 0.030968294233345184 -0.061180867308555424 0.043347558932520999 0.013194086344482232 0.044473017863943531 0.05164300756767172 -0.052307498386395992 -0.051771676157165061 -0.052064112776354012 -0.051608245261951062 -0.051931853201765292 -0.05160903507749677 -0.051540525625834943 -0.052998324260117663
leaf_weight=0.52711112191900511 4.8696653842926017 0.4374819351360183 3.1719299117103219 10.510665846988561 13.976463055238126 133.25207971036434 5.7153807375580072 16.621788020478562 5.0713620604947192 5.070957597810775 0.3155732755549242 37.220018934458494 82.272701783338562 0.23669171915389597
leaf_count=45 15 15 31 46 52 547 658 2024 573 707 35 4744 11635 21
internal_value=-2.97903e-11 0.0442285 -0.0201857 0.0479223 0.0310471 0.0509141 -0.0529384 -0.0516124 -0.0519136 -0.0518362 -0.0515883 -0.0516592 -0.051542 -0.052942
internal_weight=319.27 171.934 9.32479 162.609 24.4871 138.122 6.15286 147.336 10.9061 10.1423 136.43 53.8418 82.5883 0.763803
internal_count=21148 1364 704 660 98 562 673 19784 1346 1280 18438 6768 11670 66
is_linear=0
shrinkage=0.05


Tree=29
num_leaves=15
num_cat=0
split_feature=9 2 5 10 4 5 18 17 12 5 5 2 17 4
split_gain=260.396 14.5609 5.44315 3.25956 0.829615 0.000920752 0.000606047 0.000401801 0.000301856 0.000192347 0.000148219 0.00010151 1.77672e-05 3.42059e-07
threshold=1.0000000180025095e-35 0.48681586980819708 0.015891849994659427 1.0000000180025095e-35 0.0081733763217926043 0.14142829179763797 1.318307161331177 163410.50000000003 0.66656816005706798 0.22107179462909701 0.2449322193861008 0.50097954273223888 173416.50000000003 0.0084989368915557879
decision_type=2 2 2 2 2 2 2 2 2 2 2 2 2 2
left_child=7 5 4 -4 -3 -2 -7 8 13 -10 11 -9 -12 -1
right_child=1 2 3 -5 -6 6 -8 10 9 -11 12 -13 -14 -15
leaf_value=-0.052736878568886758 -0.054732880274744468 0.028996295976384458 -0.029840907377484356 0.031432906940004869 0.051473177896753423 -0.051432897246216518 -0.053923665623376721 -0.051612675904691069 -0.051917232026512675 -0.05146055789482628 -0.05153704032663553 -0.051456735990125207 -0.05138873969751228 -0.052811056529692584
leaf_weight=0.48131205979734559 0.25308936648070757 4.2504164874553672 2.3749065333977368 25.210555279161781 120.23950684070587 3.3651149256620561 0.26333010382950295 15.136549207847564 4.6651165229268354 4.5591307466384023 2.0779112661257377 33.605612672399729 72.018023386597633 0.22952849650755525
leaf_count=45 19 14 112 170 548 479 22 2024 573 707 314 4744 11356 21
internal_value=6.90315e-10 0.0438121 0.0462529 0.0261577 0.0507058 -0.051817 -0.0516137 -0.0514622 -0.051768 -0.0516915 -0.0514374 -0.0515052 -0.0513929 -0.0527608
internal_weight=288.73 155.957 152.075 27.5855 124.49 3.88153 3.62845 132.773 9.93509 9.22425 122.838 48.7422 74.0959 0.710841
internal_count=21148 1364 844 282 562 520 501 19784 1346 1280 18438 6768 11670 66
is_linear=0
shrinkage=0.05


Tree=30
num_leaves=13
num_cat=0
split_feature=9 2 0 13 5 9 5 9 5 18 17 17
split_gain=232.681 13.0133 4.55945 10.2503 0.974277 1.27649 0.943772 0.0202562 0.000702098 0.000435163 0.000311027 1.3875e-05
threshold=1.5000000000000002 0.48681586980819708 0.60321986675262462 0.74932843446731578 1.0000000180025095e-35 1.0000000180025095e-35 0.026834487915039066 1.0000000180025095e-35 0.14142829179763797 1.318307161331177 163410.50000000003 199042.50000000003
decision_type=2 2 2 2 2 2 2 2 2 2 2 2
left_child=4 8 3 -3 5 11 -4 10 -2 -10 -6 -1
right_child=1 2 6 -5 7 -7 -8 -9 9 -11 -12 -13
leaf_value=-0.052101194975403824 -0.05432475887799925 -0.054731878102787207 0.051051138333125426 0.039946039209571495 -0.05161043226606056 0.055580534192750122 0.028809239327734333 -0.061091256648638681 -0.051297606458527649 -0.053531228288617921 -0.051302766906929455 -0.051583743800025499
leaf_weight=0.1820530337281514 0.22866585571318809 3.3930219281464842 110.52168622612953 18.156113063916564 8.8766809045337123 0.49393528699874878 4.9844914567656806 0.53339342493563791 3.0243130866438155 0.23500215914100397 110.11793613049667 0.44920145254582167
leaf_count=20 19 63 555 152 1333 2 38 34 479 22 18372 59
internal_value=5.29425e-10 0.0437251 0.0461523 0.0250385 -0.0509334 -0.00462454 0.0500913 -0.0513693 -0.0516466 -0.0514587 -0.0513257 -0.051733
internal_weight=261.196 140.543 137.055 21.5491 120.653 1.12519 115.506 119.528 3.48798 3.25932 118.995 0.631254
internal_count=21148 1328 808 215 19820 81 593 19739 520 501 19705 79
is_linear=0
shrinkage=0.05


Tree=31
num_leaves=15
num_cat=0
split_feature=9 5 0 16 9 0 2 17 5 5 12 2 16 17
split_gain=208.415 12.4239 3.22996 3.04012 2.00223 0.00662335 0.000725704 0.000290665 0.000194514 0.000107943 8.96548e-05 7.16202e-05 4.71533e-05 1.26584e-05
threshold=1.0000000180025095e-35 0.15403195470571521 0.66704505681991588 266.03240966796881 16.500000000000004 0.72845035791397106 0.48456904292106634 163410.50000000003 0.22107179462909701 0.2449322193861008 0.66656816005706798 0.50097954273223888 1910.117614746094 173416.50000000003
decision_type=2 2 2 2 2 2 2 2 2 2 2 2 2 2
left_child=7 2 4 -3 -2 -4 -5 8 10 11 -1 -9 -10 -11
right_child=1 3 5 6 -6 -7 -8 9 12 13 -12 -13 -14 -15
leaf_value=-0.05232194320021525 0.049525024004902302 0.037887100156962672 0.052266557126484203 -0.05130501047384968 0.02356209140762516 0.051214825610746195 -0.052726254266573527 -0.051344313986584345 -0.051179000764280613 -0.051273699127117489 -0.051629072895042587 -0.051199634991602641 -0.051933702649831354 -0.051134736287120841
leaf_weight=0.52850914979353358 11.644398666452615 1.2266067592427123 18.978847622871399 2.8097625717055053 20.497611210215837 70.861112460494041 1.3201964315958319 12.466631999239324 3.5337364401202653 1.6864556684158731 4.004144667647779 27.254252552520484 0.21984291495755304 57.980948846205138
leaf_count=56 73 19 101 479 126 407 159 2024 687 314 573 4744 30 11356
internal_value=-6.11122e-10 0.0432977 0.0465704 -0.0312311 0.0329679 0.051437 -0.0517593 -0.0512049 -0.0514894 -0.0511812 -0.0517099 -0.051245 -0.0512232 -0.0511387
internal_weight=235.013 127.339 121.982 5.35657 32.142 89.84 4.12996 107.675 8.28623 99.3883 4.53265 39.7209 3.75358 59.6674
internal_count=21148 1364 707 657 199 508 638 19784 1346 18438 629 6768 717 11670
is_linear=0
shrinkage=0.05


Tree=32
num_leaves=13
num_cat=0
split_feature=9 2 5 18 4 5 9 9 5 18 17 17
split_gain=186.16 10.3687 3.89104 2.81279 1.55284 0.81832 1.0762 0.0146322 0.000539184 0.00022503 0.000214747 8.54874e-06
threshold=1.5000000000000002 0.48681586980819708 0.055883884429931648 1.2927447557449343 0.0068066418170928964 1.0000000180025095e-35 1.0000000180025095e-35 1.0000000180025095e-35 0.14142829179763797 1.318307161331177 163410.50000000003 199042.50000000003
decision_type=2 2 2 2 2 2 2 2 2 2 2 2
left_child=5 8 4 -4 -3 6 11 10 -2 -10 -7 -1
right_child=1 2 3 -5 -6 7 -8 -9 9 -11 -12 -13
leaf_value=-0.05176601794924416 -0.053857750276045127 0.025018349336762519 -0.0030420587013886293 0.047867116107170288 0.050385670718482489 -0.051351826642431236 0.055712646639377444 -0.060040184731767622 -0.051070835849835752 -0.052870325340438853 -0.051071157235558266 -0.051330091574095772
leaf_weight=0.16077105002477665 0.20575777394697015 6.4462235867977133 6.6496361098252219 4.5833352953195572 94.061852559447289 7.3805300595704457 0.41662381589412689 0.45910048019140859 2.4298191776033495 0.18711162451654662 88.970891557924915 0.37429862772114575
leaf_count=20 19 20 189 21 578 1333 2 34 479 22 18372 59
internal_value=2.31486e-10 0.0432488 0.0456395 0.0177302 0.0487587 -0.0506815 -0.00454353 -0.0511351 -0.0513933 -0.0511995 -0.0510927 -0.0514611
internal_weight=212.326 114.564 111.741 11.233 100.508 97.7622 0.951693 96.8105 2.82269 2.61693 96.3514 0.53507
internal_count=21148 1328 808 210 598 19820 81 19739 520 501 19705 79
is_linear=0
shrinkage=0.05


Tree=33
num_leaves=15
num_cat=0
split_feature=9 5 0 16 9 0 2 17 12 5 5 6 17 4
split_gain=165.947 9.90408 3.21946 2.41501 2.05787 0.00606278 0.000471671 0.00019315 0.00015082 8.59328e-05 8.59177e-05 5.41246e-05 6.65959e-06 1.34494e-07
threshold=1.0000000180025095e-35 0.15403195470571521 0.66704505681991588 266.03240966796881 16.500000000000004 0.72845035791397106 0.48456904292106634 163410.50000000003 0.66656816005706798 0.22107179462909701 0.25253438949584966 14.500000000000002 173416.50000000003 0.0084989368915557879
decision_type=2 2 2 2 2 2 2 2 2 2 2 2 2 2
left_child=7 2 4 -3 -2 -4 -5 8 13 -10 11 -9 -12 -1
right_child=1 3 5 6 -6 -7 -8 10 9 -11 12 -13 -14 -15
leaf_value=-0.052051204286432645 0.049412300666863369 0.036062022006097066 0.052131937997293543 -0.051068160721783877 0.021100921958610214 0.051013236043784327 -0.052327448989167386 -0.050993154483535835 -0.051359788586490408 -0.050988551423008933 -0.051041002730775199 -0.051130579434413084 -0.050925999250403135 -0.052105452796691633
leaf_weight=0.35277250129729409 10.008316264022143 1.0283551979809988 15.387978553771971 2.2586875974666332 17.894902265863493 56.872329413890839 1.1085175396874545 24.243084535235539 3.290545079158619 2.9620024147443473 1.2954128147102881 10.170609039138069 44.569270510692149 0.16898157075047493
leaf_count=45 73 19 101 479 126 407 159 5236 573 707 302 1987 10913 21
internal_value=-3.75653e-10 0.0424574 0.0456811 -0.0310014 0.0312556 0.0512515 -0.0514827 -0.0509957 -0.0512521 -0.0511839 -0.0509741 -0.0510338 -0.0509292 -0.0520688
internal_weight=191.612 104.559 100.164 4.39556 27.9032 72.2603 3.36721 87.0527 6.7743 6.25255 80.2784 34.4137 45.8647 0.521754
internal_count=21148 1364 707 657 199 508 638 19784 1346 1280 18438 7223 11215 66
is_linear=0
shrinkage=0.05


Tree=34
num_leaves=13
num_cat=0
split_feature=9 5 18 0 9 5 9 9 5 0 5 17
split_gain=148.062 8.33752 4.32209 2.50072 2.92775 0.67049 0.899515 0.0106154 0.00660777 0.00520195 0.000150138 4.85206e-06
threshold=1.5000000000000002 0.12912064790725711 1.2927447557449343 0.66704505681991588 16.500000000000004 1.0000000180025095e-35 1.0000000180025095e-35 1.0000000180025095e-35 0.13877886533737185 0.72845035791397106 0.20571333169937137 199042.50000000003
decision_type=2 2 2 2 2 2 2 2 2 2 2 2
left_child=5 3 8 4 -2 6 11 10 -3 -5 -7 -1
right_child=1 2 -4 9 -6 7 -8 -9 -10 -11 -12 -13
leaf_value=-0.051489668236609692 0.055605036336936101 -0.059135534278579843 0.04286885006225994 0.052036256084867033 0.019496916342678614 -0.051010060913973115 0.055549058128919304 -0.059112720948492598 -0.051510965972851597 0.050932091016845538 -0.050858578603083397 -0.051131505734723429
leaf_weight=0.13388999318703909 8.7290097577497363 0.31289119506254737 1.8409754321910439 13.496874764561651 15.730885551311076 23.393678766675293 0.34760212898254395 0.39586300496011873 3.0947240081150085 50.873006246984005 54.380665688193403 0.32190507790073752
leaf_count=20 46 14 31 99 101 5148 2 34 630 407 14557 59
internal_value=1.08055e-10 0.042374 -0.0188612 0.0459922 0.0323828 -0.0504787 -0.00503421 -0.0509457 -0.0522111 0.0511636 -0.0509041 -0.0512367
internal_weight=173.052 94.0784 5.24859 88.8298 24.4599 78.9736 0.803397 78.1702 3.40762 64.3699 77.7743 0.455795
internal_count=21148 1328 675 653 147 19820 81 19739 644 506 19705 79
is_linear=0
shrinkage=0.05


Tree=35
num_leaves=15
num_cat=0
split_feature=9 5 5 17 4 12 2 5 17 12 2 5 2 17
split_gain=131.972 7.89145 4.10471 3.05622 1.67571 0.624227 0.000314707 0.000135516 0.000111411 6.09295e-05 3.3512e-05 1.96997e-05 5.62894e-05 2.35341e-06
threshold=1.0000000180025095e-35 0.055883884429931648 0.16704241931438449 212196.00000000003 0.0068066418170928964 0.98179355263710033 0.48456904292106634 0.20571333169937137 163410.50000000003 0.66656816005706798 0.55932754278182995 0.26927007734775549 0.46364846825599676 173416.50000000003
decision_type=2 2 2 2 2 2 2 2 2 2 2 2 2 2
left_child=7 4 3 -3 -2 -6 -4 8 9 -1 -10 12 -9 -13
right_child=1 2 6 -5 5 -7 -8 11 10 -11 -12 13 -14 -15
leaf_value=-0.051791753141802212 0.020872601518180947 -0.040457867979329418 -0.050904613531881804 0.033963545540312265 0.050598516983881438 0.025045065654037975 -0.052067643140583014 -0.050964735250936338 -0.050948319015028699 -0.051126370780267494 -0.050814357042303318 -0.050803725741146971 -0.050754117608957573 -0.050754336960994656
leaf_weight=0.40010145399719776 5.4480446055531493 1.7126723977271447 1.814870435278862 7.0919625435490161 66.385557249188423 2.4791699256747952 0.85599648370407511 4.903779051732271 9.7708303398685548 2.4560179254040122 8.9400557479821128 2.6075449876952908 8.9845339703606424 32.167970930808224
leaf_count=56 21 64 477 77 562 19 144 1213 2289 521 2361 799 2606 9939
internal_value=-1.98385e-10 0.0416075 0.00301705 0.0194871 0.0475667 0.0496786 -0.0512774 -0.0508244 -0.0509287 -0.0512196 -0.0508843 -0.0507781 -0.0508285 -0.050758
internal_weight=156.019 85.7883 11.4755 8.80463 74.3128 68.8647 2.67087 70.2308 21.567 2.85612 18.7109 48.6638 13.8883 34.7755
internal_count=21148 1364 762 141 602 581 621 19784 5227 577 4650 14557 3819 10738
is_linear=0
shrinkage=0.05


Tree=36
num_leaves=15
num_cat=0
split_feature=9 5 5 17 4 12 2 5 17 12 2 5 2 6
split_gain=117.551 6.93339 3.68137 2.52844 1.67353 0.74132 0.000227453 0.00011558 0.000105815 7.26112e-05 2.68453e-05 1.62774e-05 4.56866e-05 1.97204e-06
threshold=1.0000000180025095e-35 0.055883884429931648 0.16704241931438449 212196.00000000003 0.0068066418170928964 0.98273107409477245 0.48456904292106634 0.20571333169937137 163410.50000000003 0.66656816005706798 0.55932754278182995 0.26810486614704138 0.46364846825599676 30.500000000000004
decision_type=2 2 2 2 2 2 2 2 2 2 2 2 2 2
left_child=7 4 3 -3 -2 -6 -4 8 9 -1 -10 12 -9 -13
right_child=1 2 6 -5 5 -7 -8 11 10 -11 -12 13 -14 -15
leaf_value=-0.051781622503042052 0.019957239392663233 -0.037692495917310415 -0.050819154665374948 0.0329834105296192 0.050427475954874901 0.020552595821585636 -0.051866440749105291 -0.050884863468672915 -0.050866481128246127 -0.0510385960504832 -0.050740061861017205 -0.050679891149506488 -0.050682784279497586 -0.050710140250242175
leaf_weight=0.3857689811848134 5.2390184402465811 1.5651598942931721 1.6231506506446742 6.6089506787247956 59.71888229995966 2.1513118203729382 0.76175247854553152 4.3396092553739418 8.8214461700990814 2.2265960578806698 8.0146079198457283 24.429956241161566 7.86807006446179 6.9126015803776673
leaf_count=56 21 64 477 77 564 17 144 1185 2289 521 2361 8608 2555 2209
internal_value=-3.04141e-10 0.0411653 0.00350359 0.0194506 0.0470911 0.0493887 -0.0511537 -0.0507509 -0.0508522 -0.0511483 -0.0508063 -0.0507056 -0.0507546 -0.0506866
internal_weight=140.667 77.6682 10.559 8.17411 67.1092 61.8702 2.3849 62.9987 19.4484 2.61237 16.8361 43.5502 12.2077 31.3426
internal_count=21148 1364 762 141 602 581 621 19784 5227 577 4650 14557 3740 10817
is_linear=0
shrinkage=0.05


Tree=37
num_leaves=13
num_cat=0
split_feature=9 2 0 9 5 9 0 9 5 17 18 17
split_gain=104.618 5.78375 3.40583 1.76685 0.48519 0.650621 0.00530638 0.00524751 0.000294931 9.75048e-05 6.3845e-05 2.83542e-06
threshold=1.5000000000000002 0.48681586980819708 0.66704505681991588 16.500000000000004 1.0000000180025095e-35 1.0000000180025095e-35 0.72845035791397106 1.0000000180025095e-35 0.13625393062829974 163410.50000000003 1.318307161331177 191860.50000000003
decision_type=2 2 2 2 2 2 2 2 2 2 2 2
left_child=4 8 3 -3 5 11 -4 9 -2 -6 -10 -1
right_child=1 2 6 -5 7 -7 -8 -9 10 -11 -12 -13
leaf_value=-0.051205342484727356 -0.053234125844932124 0.046577503805924958 0.052023080104616037 0.016811812455130217 -0.050907436849237687 0.054657795040751779 0.050714865589965401 -0.057409502289328611 -0.050679937835125546 -0.050663651998960259 -0.05189255910157653 -0.050880438956782029
leaf_weight=0.092569335596634938 0.13217903324402769 7.6198288113810131 9.8565072342753393 14.420444983989 4.4550698511302462 0.2568688690662384 36.293501541018486 0.2914486478548487 1.4181968061020596 51.694878768699709 0.11754332482814778 0.24454483180306852
leaf_count=18 15 131 99 171 1333 2 407 34 483 18372 22 61
internal_value=-7.25454e-11 0.041022 0.043272 0.0271025 -0.0502446 -0.0052909 0.0509943 -0.0507177 -0.0509678 -0.050683 -0.0507728 -0.0509697
internal_weight=126.894 69.8582 68.1903 22.0403 57.0354 0.593983 46.15 56.4414 1.66792 56.1499 1.53574 0.337114
internal_count=21148 1328 808 302 19820 81 506 19739 520 19705 505 79
is_linear=0
shrinkage=0.05


Tree=38
num_leaves=15
num_cat=0
split_feature=9 0 5 9 0 13 0 2 5 17 12 2 5 2
split_gain=93.1964 5.59353 4.33652 1.75709 0.00580685 0.0156602 0.000296935 0.000171985 8.65466e-05 7.77993e-05 7.08939e-05 1.93261e-05 1.23291e-05 3.33121e-05
threshold=1.0000000180025095e-35 0.66704505681991588 0.16704241931438449 16.500000000000004 0.72845035791397106 0.59033319354057323 0.74482440948486339 0.48456904292106634 0.20571333169937137 163410.50000000003 0.66656816005706798 0.55932754278182995 0.26810486614704138 0.46364846825599676
decision_type=2 2 2 2 2 2 2 2 2 2 2 2 2 2
left_child=8 2 3 -2 5 -3 -6 -4 9 10 -1 -11 13 -10
right_child=1 4 7 -5 6 -7 -8 -9 12 11 -12 -13 -14 -15
leaf_value=-0.051655315720900478 0.047091588851293872 0.055753583436094205 -0.050672550488000713 0.016279793808112702 0.051071763437689134 0.050916951213248997 0.050607035876016032 -0.051662347369274747 -0.050750818081018091 -0.05073420363468633 -0.050875780872047228 -0.05061533492371733 -0.050562864157679757 -0.050559485637012028
leaf_weight=0.34717469103634302 7.0285253034671813 2.2110239118337613 1.2980812019668508 13.541885610437021 3.9081665202975264 6.885360911488533 28.522123128175735 0.66304140014108259 3.5713341045193356 7.2739675486809556 1.8239895992446689 6.4527155756950378 24.994872398849111 6.2668220464838669
leaf_count=56 96 19 477 139 47 82 360 144 1185 2289 521 2361 10817 2555
internal_value=-5.54306e-10 0.040093 0.0200347 0.0268076 0.0509762 0.0520926 0.050663 -0.0510072 -0.0506256 -0.0507223 -0.0510004 -0.0506783 -0.0505815 -0.0506289
internal_weight=114.789 64.0582 22.5315 20.5704 41.5267 9.09638 32.4303 1.96112 50.7309 15.8978 2.17116 13.7267 34.833 9.83816
internal_count=21148 1364 856 235 508 101 407 621 19784 5227 577 4650 14557 3740
is_linear=0
shrinkage=0.05


Tree=39
num_leaves=14
num_cat=0
split_feature=9 0 5 9 5 9 0 13 9 0 2 5 4
split_gain=83.0105 4.99311 3.81219 2.20735 0.404876 0.549761 0.00515247 0.0158738 0.00375969 0.000334029 0.00012949 7.04818e-05 1.76329e-06
threshold=1.5000000000000002 0.66704505681991588 0.16704241931438449 15.500000000000002 1.0000000180025095e-35 1.0000000180025095e-35 0.72845035791397106 0.59033319354057323 1.0000000180025095e-35 0.74482440948486339 0.48456904292106634 0.20571333169937137 0.024578124284744266
decision_type=2 2 2 2 2 2 2 2 2 2 2 2 2
left_child=4 2 3 -2 5 12 7 -3 11 -8 -4 -6 -1
right_child=1 6 10 -5 8 -7 9 -9 -10 -11 -12 -13 -14
leaf_value=-0.050716296654756091 0.062898641867868962 0.055875984730112085 -0.050610388006446287 0.018803719473056282 -0.050663196449032923 0.054661400422143118 0.051075827229140947 0.050751153691079756 -0.056682459848151012 0.050555169901558332 -0.051536546972310165 -0.050528541276490729 -0.050964543150728236
leaf_weight=0.1545021862257262 3.4618386726360812 2.0260068029165259 1.1632281780475739 15.753144649439491 14.125469353806691 0.21638880670070648 3.5048522949218777 5.9441087618470192 0.25302280532196064 25.442303955554962 0.55865795956924547 31.143766568566207 0.13320121960714459
leaf_count=49 41 19 477 176 5148 2 47 80 34 360 128 14557 30
internal_value=-1.6513e-10 0.0398663 0.0203612 0.026748 -0.050111 -0.00554701 0.0509282 0.0520539 -0.0506045 0.0506182 -0.0509109 -0.0505706 -0.0508312
internal_weight=103.88 57.8541 20.9369 19.215 46.0264 0.504092 36.9173 7.97012 45.5223 28.9472 1.72189 45.2692 0.287703
internal_count=21148 1328 822 217 19820 81 506 99 19739 407 605 19705 79
is_linear=0
shrinkage=0.05


Tree=40
num_leaves=15
num_cat=0
split_feature=9 0 5 9 0 13 0 2 5 17 12 2 5 2
split_gain=73.8994 5.11333 3.29305 1.87422 0.00536128 0.0141761 0.000316145 8.83671e-05 6.57791e-05 5.09821e-05 4.93301e-05 1.46328e-05 9.8646e-06 2.54523e-05
threshold=1.0000000180025095e-35 0.66704505681991588 0.16704241931438449 16.500000000000004 0.72845035791397106 0.59033319354057323 0.74482440948486339 0.48456904292106634 0.20571333169937137 163410.50000000003 0.66656816005706798 0.55932754278182995 0.26810486614704138 0.46364846825599676
decision_type=2 2 2 2 2 2 2 2 2 2 2 2 2 2
left_child=8 2 3 -2 5 -3 -6 -4 9 10 -1 -11 13 -10
right_child=1 4 7 -5 6 -7 -8 -9 12 11 -12 -13 -14 -15
leaf_value=-0.051446433836081495 0.047129071613056406 0.055889907148897078 -0.050554695669667776 0.013429040060581349 0.051042083877081527 0.050829151355547886 0.050506251950701311 -0.05135204722172431 -0.050643636836136763 -0.050629552465361029 -0.050745955743423922 -0.050515224832997391 -0.050461582662820387 -0.050458501145173244
leaf_weight=0.30132564902305503 6.2285231491550848 1.8486684970557679 1.0391277068993066 12.220455860020593 3.1330249421298531 5.5026639625430107 22.680425155907869 0.52205372496973712 2.9595357309735872 6.053658946126232 1.5151573210023341 5.2053054310381413 19.890523368696449 4.9809005876886658
leaf_count=56 96 19 477 139 47 82 360 144 1185 2289 521 2361 10817 2555
internal_value=6.14132e-10 0.038867 0.018906 0.0248064 0.0509105 0.0521018 0.0505713 -0.0508213 -0.0505239 -0.0506164 -0.0508622 -0.0505767 -0.0504804 -0.0505275
internal_weight=94.0814 53.1749 20.0102 18.449 33.1648 7.35133 25.8135 1.56118 40.9064 13.0754 1.81648 11.259 27.831 7.94044
internal_count=21148 1364 856 235 508 101 407 621 19784 5227 577 4650 14557 3740
is_linear=0
shrinkage=0.05


Tree=41
num_leaves=15
num_cat=0
split_feature=9 0 5 9 0 13 0 2 5 17 12 16 5 2
split_gain=65.797 4.92242 2.86721 1.87262 0.00529993 0.0136221 0.000354376 6.33549e-05 5.72511e-05 3.91582e-05 4.25964e-05 1.31658e-05 8.98559e-06 2.24453e-05
threshold=1.0000000180025095e-35 0.66704505681991588 0.16704241931438449 16.500000000000004 0.72845035791397106 0.59033319354057323 0.74482440948486339 0.48456904292106634 0.20571333169937137 163410.50000000003 0.66656816005706798 369.26812744140631 0.26810486614704138 0.46364846825599676
decision_type=2 2 2 2 2 2 2 2 2 2 2 2 2 2
left_child=8 2 3 -2 5 -3 -6 -4 9 10 -1 -11 13 -10
right_child=1 4 7 -5 6 -7 -8 -9 12 11 -12 -13 -14 -15
leaf_value=-0.051357023067217157 0.046726477154383737 0.056003347567167419 -0.050504125010146707 0.012134519584083788 0.051063620821112869 0.050810566878727939 0.050464512409878232 -0.051219694861190261 -0.050598359578328228 -0.050608199506115427 -0.050681586620768805 -0.050490752840108712 -0.050418321368331499 -0.050415396811524398
leaf_weight=0.28155225410591711 5.890253107179892 1.6987005174160028 0.93127421161625423 11.651318687596358 2.8113945126533535 4.9232430681586266 20.224203463643789 0.4631690044188872 2.7008039228385341 3.7946831420995277 1.3655090058455241 6.4287912513245828 17.762904683273518 4.4187510288902558
leaf_count=56 96 19 477 139 47 82 360 144 1185 1468 521 3182 10817 2555
internal_value=-8.2899e-11 0.0381801 0.0182645 0.0237501 0.050896 0.0521426 0.0505376 -0.0507418 -0.0504804 -0.0505708 -0.050797 -0.0505343 -0.0504373 -0.0504848
internal_weight=85.3466 48.5936 18.936 17.5416 29.6575 6.62194 23.0356 1.39444 36.753 11.8705 1.64706 10.2235 24.8825 7.11955
internal_count=21148 1364 856 235 508 101 407 621 19784 5227 577 4650 14557 3740
is_linear=0
shrinkage=0.05


Tree=42
num_leaves=14
num_cat=0
split_feature=9 0 5 9 5 9 0 13 9 0 2 5 4
split_gain=58.6114 4.45036 2.50859 2.58668 0.317188 0.423601 0.0046915 0.0136549 0.0027337 0.000395359 4.77373e-05 4.74555e-05 1.14498e-06
threshold=1.5000000000000002 0.66704505681991588 0.16704241931438449 15.500000000000002 1.0000000180025095e-35 1.0000000180025095e-35 0.72845035791397106 0.59033319354057323 1.0000000180025095e-35 0.74482440948486339 0.48456904292106634 0.2449322193861008 0.038813024759292609
decision_type=2 2 2 2 2 2 2 2 2 2 2 2 2
left_child=4 2 3 -2 5 12 7 -3 11 -8 -4 -6 -1
right_child=1 6 10 -5 8 -7 9 -9 -10 -11 -12 -13 -14
leaf_value=-0.050606016834331274 0.065412205706755544 0.05611299122333431 -0.050457434053704009 0.014254185257017091 -0.050507313371688817 0.054624717009497552 0.051095342776999168 0.050645778271584264 -0.056068885590658174 0.050427234505670528 -0.051127948225664792 -0.050386261397889223 -0.050871590010699158
leaf_weight=0.16689800308085878 3.0226562760071873 1.5635092034935976 0.83091594802681246 13.536251845071092 14.525868242286377 0.16849935054779053 2.5242777392268207 4.2371589951217175 0.21711260371375729 18.032319791615009 0.39006040582899004 18.291068647362408 0.053626058390364051
leaf_count=65 41 19 477 176 7406 2 47 80 34 360 128 12299 14
internal_value=-4.48404e-10 0.0378236 0.0184927 0.0235925 -0.0499483 -0.00506359 0.0508636 0.0521194 -0.0504768 0.0505093 -0.0506716 -0.0504398 -0.0506706
internal_weight=77.5602 44.1372 17.7799 16.5589 33.4231 0.389023 26.3573 5.80067 33.034 20.5566 1.22098 32.8169 0.220524
internal_count=21148 1328 822 217 19820 81 506 99 19739 407 605 19705 79
is_linear=0
shrinkage=0.05


Tree=43
num_leaves=15
num_cat=0
split_feature=9 0 4 13 0 13 0 5 17 12 16 5 2 6
split_gain=52.0397 4.62648 3.03182 2.41116 0.00475898 0.0118769 0.000367735 4.41462e-05 2.57815e-05 3.02363e-05 1.09573e-05 7.26915e-06 1.75146e-05 9.15565e-07
threshold=1.0000000180025095e-35 0.66704505681991588 0.096084974706172957 0.99566602706909191 0.72845035791397106 0.59033319354057323 0.74482440948486339 0.20571333169937137 163410.50000000003 0.66656816005706798 369.26812744140631 0.26810486614704138 0.46364846825599676 30.500000000000004
decision_type=2 2 2 2 2 2 2 2 2 2 2 2 2 2
left_child=7 2 3 -2 5 -3 -6 8 9 -1 -10 12 -9 -13
right_child=1 4 -4 -5 6 -7 -8 11 10 -11 -12 13 -14 -15
leaf_value=-0.051195859295640071 0.015753269969385468 0.056071377567424224 -0.081891957838709589 0.086913659132204113 0.051072647034680375 0.050750243029500652 0.050391057819055056 -0.050519411628446587 -0.050532789789726612 -0.050584281646594433 -0.050415379884511904 -0.050336977413875245 -0.050341248441377176 -0.050367508731887591
leaf_weight=0.24577085871715354 15.29359687387478 1.4296113885939146 0.74382825160864641 1.2908686876762665 2.2568724676966694 3.9353450983762741 16.068560987710953 2.2529041175148476 3.2074244323885051 1.1373563775559885 5.2232048176229 10.906403888016937 3.5579778946121223 3.1689552400202947
leaf_count=56 785 19 33 38 47 82 360 1185 1468 521 3182 8608 2555 2209
internal_value=-3.58804e-10 0.0364971 0.0168629 0.0212921 0.0508584 0.0521682 0.050475 -0.0504061 -0.0504929 -0.050693 -0.05046 -0.0503633 -0.0504103 -0.0503439
internal_weight=70.7187 41.0187 17.3283 16.5845 23.6904 5.36496 18.3254 29.7 9.81376 1.38313 8.43063 19.8862 5.81088 14.0754
internal_count=21148 1364 856 823 508 101 407 19784 5227 577 4650 14557 3740 10817
is_linear=0
shrinkage=0.05


Tree=44
num_leaves=14
num_cat=0
split_feature=9 0 4 18 4 5 9 0 13 9 0 5 4
split_gain=47.1118 3.9356 2.50987 2.02571 0.336076 0.266798 0.361371 0.00395513 0.011279 0.00174408 0.000352022 3.70923e-05 7.84172e-07
threshold=1.5000000000000002 0.66704505681991588 0.061768412590026862 1.3711274266242983 0.096084974706172957 1.0000000180025095e-35 1.0000000180025095e-35 0.72845035791397106 0.59033319354057323 1.0000000180025095e-35 0.74482440948486339 0.25521181523799902 0.038813024759292609
decision_type=2 2 2 2 2 2 2 2 2 2 2 2 2
left_child=5 2 3 -2 -4 6 12 8 -3 11 -9 -7 -1
right_child=1 7 4 -5 -6 9 -8 10 -10 -11 -12 -13 -14
leaf_value=-0.050527682411115694 0.019056627892381911 0.056031089085985891 -0.022422842105572386 0.093560228590296529 -0.07226858815178698 -0.050433553287880933 0.054582480566487547 0.051067131082954145 0.050569874377527239 -0.055261077629082028 0.050363242577041639 -0.050315851181962405 -0.050765003960904366
leaf_weight=0.14422459504567342 13.8176859995001 1.3121960572898412 0.68092742905719095 0.97685160953551609 0.67177340970374644 12.916233385447418 0.1432204395532608 2.026872947812083 3.3825545385479927 0.18370359914842893 14.364538613706825 13.893526736268539 0.045880958205088973
leaf_count=65 771 19 11 7 33 8033 2 47 80 34 360 11672 14
internal_value=-6.54564e-11 0.0365915 0.0180152 0.0239759 -0.0471771 -0.0498568 -0.00539758 0.0508168 0.0520963 -0.0504058 0.0504503 -0.0503726 -0.050585
internal_weight=64.5602 37.2334 16.1472 14.7945 1.3527 27.3268 0.333326 21.0862 4.69475 26.9935 16.3914 26.8098 0.190106
internal_count=21148 1328 822 778 44 19820 81 506 99 19739 407 19705 79
is_linear=0
shrinkage=0.05


Tree=45
num_leaves=15
num_cat=0
split_feature=9 0 13 13 0 13 0 5 17 12 6 6 5 12
split_gain=41.9889 4.01665 2.0073 4.55955 0.00407958 0.00990936 0.000333277 3.3445e-05 2.10378e-05 2.29134e-05 9.40925e-06 1.16114e-06 4.9591e-06 2.06129e-07
threshold=1.0000000180025095e-35 0.66704505681991588 0.99566602706909191 0.9762801229953767 0.72845035791397106 0.59033319354057323 0.74482440948486339 0.25521181523799902 163410.50000000003 0.66656816005706798 14.500000000000002 27.500000000000004 0.31495131552219396 0.99311551451683056
decision_type=2 2 2 2 2 2 2 2 2 2 2 2 2 2
left_child=7 2 3 -2 5 -3 -6 8 9 -1 -10 13 -13 -9
right_child=1 4 -4 -5 6 -7 -8 11 10 -11 -12 12 -14 -15
leaf_value=-0.05104675137315421 0.019044068511626107 0.056018429777960226 0.079869578116111409 -0.093047318685270983 0.051060083651705869 0.050693599095702847 0.050336804680154973 -0.050275030543821798 -0.050346193853922021 -0.05049780472731822 -0.050446667267015556 -0.050434658244154766 -0.05028566381609112 -0.050359349828943058
leaf_weight=0.22513052716385829 13.41042616142658 1.2083507701754594 1.1587236324558041 0.97305790334940034 1.8183116279542435 3.1550486609339714 12.83621910586953 7.901860705111174 6.9647324948164151 1.221475322730839 3.5017961896082852 0.65563093990203913 3.7686892333440483 0.073152138094883301
leaf_count=60 814 19 38 4 47 82 360 7765 5310 692 2050 535 3316 56
internal_value=4.65507e-10 0.0354166 0.0165611 0.011461 0.0508261 0.0521682 0.0504265 -0.0503447 -0.0504045 -0.0505832 -0.0503798 -0.0502872 -0.0503077 -0.0502758
internal_weight=58.8726 34.5601 15.5422 14.3835 19.0179 4.3634 14.6545 24.3125 11.9131 1.44661 10.4665 12.3993 4.42432 7.97501
internal_count=21148 1364 856 818 508 101 407 19784 8112 752 7360 11672 3851 7821
is_linear=0
shrinkage=0.05


Tree=46
num_leaves=15
num_cat=0
split_feature=9 0 4 18 0 13 0 5 17 12 6 6 5 18
split_gain=37.1992 4.04656 2.55657 2.05561 0.0038321 0.0090334 0.000322765 2.87586e-05 1.73529e-05 1.84522e-05 7.91071e-06 1.00995e-06 4.46908e-06 2.18725e-07
threshold=1.0000000180025095e-35 0.66704505681991588 0.061768412590026862 1.3711274266242983 0.72845035791397106 0.59033319354057323 0.74482440948486339 0.25521181523799902 163410.50000000003 0.66656816005706798 13.500000000000002 27.500000000000004 0.31495131552219396 0.87471452355384838
decision_type=2 2 2 2 2 2 2 2 2 2 2 2 2 2
left_child=7 2 3 -2 5 -3 -6 8 9 -1 -10 13 -13 -9
right_child=1 4 -4 -5 6 -7 -8 11 10 -11 -12 12 -14 -15
leaf_value=-0.05097659718547333 0.01633977875903081 0.055999831013178264 -0.048378028060044376 0.088203395909031312 0.051066295213481577 0.050685035422214531 0.050315558748660817 -0.050405534319103246 -0.05031710376237726 -0.050464543795586153 -0.050411693801321225 -0.050402922277309387 -0.050258152956056325 -0.050249357819740409
leaf_weight=0.20860339968931185 12.744633293070363 1.1143013816326885 1.4254453863250081 1.0793652872089285 1.6355868242681015 2.8299808986485004 11.484920686110852 0.022489630093330493 5.9881005417555553 1.1235236641950903 3.5036623834748752 0.6348485687922224 3.3260391017829534 7.0879718558571767
leaf_count=60 805 19 44 7 47 82 360 17 5095 692 2265 535 3316 7804
internal_value=-1.01175e-10 0.0340939 0.0153768 0.0219508 0.05082 0.0521865 0.0504091 -0.0503178 -0.0503757 -0.0505447 -0.050352 -0.0502611 -0.0502814 -0.0502499
internal_weight=54.2095 32.3142 15.2494 13.824 17.0648 3.94428 13.1205 21.8952 10.8239 1.33213 9.49176 11.0713 3.96089 7.11046
internal_count=21148 1364 856 812 508 101 407 19784 8112 752 7360 11672 3851 7821
is_linear=0
shrinkage=0.05


Tree=47
num_leaves=15
num_cat=0
split_feature=9 0 9 5 12 0 13 0 5 17 12 6 6 5
split_gain=33.4881 3.65173 1.31877 3.42295 2.51834 0.00355612 0.00813248 0.000308687 2.49927e-05 1.44933e-05 1.49309e-05 6.68767e-06 9.10645e-07 3.89474e-06
threshold=1.0000000180025095e-35 0.66704505681991588 16.500000000000004 0.099847823381423964 0.9337468445301057 0.72845035791397106 0.59033319354057323 0.74482440948486339 0.25521181523799902 163410.50000000003 0.66656816005706798 13.500000000000002 27.500000000000004 0.31495131552219396
decision_type=2 2 2 2 2 2 2 2 2 2 2 2 2 2
left_child=8 2 3 -2 -4 6 -3 -7 9 10 -1 -11 -10 -14
right_child=1 5 4 -5 -6 7 -8 -9 12 11 -12 -13 13 -15
leaf_value=-0.05091359179695272 0.061244161631070361 0.055949638816640029 0.019745345303311929 -0.03445174682470966 -0.04035346182774277 0.051070391290901331 0.050676900833673447 0.050296008113849315 -0.050226556962511541 -0.05029350697468337 -0.050435594488582293 -0.050384471497422104 -0.050376461467737922 -0.050235009872534458
leaf_weight=0.1937832110561456 3.6078629009425649 1.0272069089114659 6.7459306842647493 1.2610634860466232 2.3504415497300215 1.4712013769894827 2.5385216232389212 10.273105310276149 6.3366575686377455 5.4113906819547974 1.040981233178172 3.2245775583432987 0.58196678757667575 2.9707002805080265
leaf_count=60 41 19 373 352 90 47 82 360 7821 5095 692 2265 535 3316
internal_value=4.65058e-10 0.0339472 0.0154574 0.0364587 0.00421622 0.0508129 0.0521959 0.050393 -0.0502941 -0.0503504 -0.0505106 -0.0503275 -0.0502379 -0.0502582
internal_weight=49.0354 29.2753 13.9653 4.86893 9.09637 15.31 3.56573 11.7443 19.7601 9.87073 1.23476 8.63597 9.88932 3.55267
internal_count=21148 1364 856 393 463 508 101 407 19784 8112 752 7360 11672 3851
is_linear=0
shrinkage=0.05


Tree=48
num_leaves=14
num_cat=0
split_feature=9 0 9 5 13 5 9 0 13 9 0 5 4
split_gain=30.0168 3.117 1.14362 2.81675 2.30233 0.188021 0.255441 0.00257111 0.00666418 0.0010291 0.000240586 1.99199e-05 3.42936e-07
threshold=1.5000000000000002 0.66704505681991588 16.500000000000004 0.10674187541007997 0.53726795315742504 1.0000000180025095e-35 1.0000000180025095e-35 0.72845035791397106 0.59033319354057323 1.0000000180025095e-35 0.74482440948486339 0.25521181523799902 0.038813024759292609
decision_type=2 2 2 2 2 2 2 2 2 2 2 2 2
left_child=5 2 3 -2 -4 6 12 8 -3 11 -9 -7 -1
right_child=1 7 4 -5 -6 9 -8 10 -10 -11 -12 -13 -14
leaf_value=-0.0503976561513646 0.061937702147545487 0.055563960076206204 0.057533620972714875 -0.031397927525975242 -0.0073677352905562599 -0.050322717345624463 0.054172301475976993 0.0509983139214297 0.05049204877245899 -0.054517829481443542 0.050275262645783969 -0.050216422351746649 -0.050582596679815767
leaf_weight=0.1029595914878908 3.1030925437808046 0.92337998375296537 1.7115071723237631 1.0930775999440809 6.7781343781971373 8.8309245351993066 0.10214593634009361 1.3154600057750929 2.1689424067735672 0.14372133987489988 9.1720371060073358 8.7994863421481551 0.033132536918856204
leaf_count=65 38 19 116 321 347 8033 2 47 80 34 360 11672 14
internal_value=-4.99251e-10 0.0340918 0.0162708 0.0376243 0.00571634 -0.0497126 -0.00558841 0.0507395 0.0520065 -0.050304 0.050366 -0.0502697 -0.0504427
internal_weight=44.278 26.2656 12.6858 4.19617 8.48964 18.0124 0.238238 13.5798 3.09232 17.7741 10.4875 17.6304 0.136092
internal_count=21148 1328 822 359 463 19820 81 506 99 19739 407 19705 79
is_linear=0
shrinkage=0.05


Tree=49
num_leaves=14
num_cat=0
split_feature=9 0 2 9 5 9 0 13 9 0 5 5 4
split_gain=27.0349 2.75363 1.01403 1.09384 0.168887 0.233506 0.00204198 0.00532246 0.000730575 0.000184499 0.000124271 1.78693e-05 3.19993e-07
threshold=1.5000000000000002 0.66704505681991588 0.48681586980819708 16.500000000000004 1.0000000180025095e-35 1.0000000180025095e-35 0.72845035791397106 0.59033319354057323 1.0000000180025095e-35 0.74482440948486339 0.14142829179763797 0.25521181523799902 0.038813024759292609
decision_type=2 2 2 2 2 2 2 2 2 2 2 2 2
left_child=4 2 10 -4 5 12 7 -3 11 -8 -2 -6 -1
right_child=1 6 3 -5 8 -7 9 -9 -10 -11 -12 -13 -14
leaf_value=-0.050373132425168526 -0.052274468181579638 0.055230821341273752 0.042670736576871732 0.0090194116498590864 -0.050303339157894568 0.053993090850246256 0.050923834433510166 0.050446844290591625 -0.05406417661817367 0.050253650695498836 -0.050435996052955928 -0.050197328307755362 -0.050557717819532479
leaf_weight=0.094936853216497918 0.11819925834425049 0.8310292493551964 3.561285659321582 7.5015047090128064 8.0513842327054572 0.09305097907781601 1.1742535866796959 1.9354960322380064 0.12661202892195511 8.1861968729644996 0.41338015836663544 7.8514877014386011 0.031194082519505173
leaf_count=65 19 19 131 171 8033 2 47 80 34 360 501 11672 14
internal_value=3.78961e-10 0.0340333 0.016611 0.0198523 -0.049685 -0.00609201 0.0506905 0.0518839 -0.0502811 0.0503377 -0.0508448 -0.050251 -0.0504188
internal_weight=39.97 23.7213 11.5944 11.0628 16.2487 0.219182 12.127 2.76653 16.0295 9.36045 0.531579 15.9029 0.126131
internal_count=21148 1328 822 302 19820 81 506 99 19739 407 520 19705 79
is_linear=0
shrinkage=0.05


Tree=50
num_leaves=15
num_cat=0
split_feature=9 0 5 9 5 0 13 0 5 17 18 6 6 5
split_gain=24.1718 2.74861 0.90531 1.02127 0.171545 0.00214473 0.00473843 0.000193671 1.61094e-05 6.31917e-06 1.04706e-05 4.38531e-06 6.60557e-07 2.67071e-06
threshold=1.0000000180025095e-35 0.66704505681991588 0.16184929013252261 16.500000000000004 0.16704241931438449 0.72845035791397106 0.59033319354057323 0.74482440948486339 0.25521181523799902 163410.50000000003 1.0961754918098452 13.500000000000002 27.500000000000004 0.31495131552219396
decision_type=2 2 2 2 2 2 2 2 2 2 2 2 2 2
left_child=8 2 3 -2 -4 6 -3 -7 9 10 -1 -11 -10 -14
right_child=1 5 4 -5 -6 7 -8 -9 12 11 -12 -13 13 -15
leaf_value=-0.050672306374817337 0.041927426104266446 0.055248433219302721 0.023601631496322651 0.0083143748279760257 -0.050522956446722091 0.050961713643265877 0.050577386170171872 0.050237623565931588 -0.050168392218185032 -0.05023604351319913 -0.050299596213265685 -0.050320134278519384 -0.05031157586429278 -0.050176802246143959
leaf_weight=0.26701873593265002 3.3192955849226564 0.77495635673403684 0.090040700626560333 7.0793584214989096 0.58631195122143254 1.0569258257746676 1.8133928440511224 7.3131758254021406 4.4531052418460604 4.0197739881405141 0.64032757742097601 2.5238161543384194 0.44515292794676531 2.1094918627932202
leaf_count=131 88 19 12 135 621 47 82 360 7821 5095 621 2265 535 3316
internal_value=-1.09725e-09 0.0329646 0.015398 0.0190438 -0.040655 0.050718 0.0519759 0.0503291 -0.0502344 -0.0502856 -0.0504093 -0.0502685 -0.05018 -0.0502003
internal_weight=36.4921 22.0335 11.075 10.3987 0.676353 10.9585 2.58835 8.3701 14.4587 7.45094 0.907346 6.54359 7.00775 2.55464
internal_count=21148 1364 856 223 633 508 101 407 19784 8112 752 7360 11672 3851
is_linear=0
shrinkage=0.05


Tree=51
num_leaves=15
num_cat=0
split_feature=9 0 2 13 0 13 0 5 5 16 18 2 6 5
split_gain=21.6208 2.59654 0.793846 0.916817 0.00206385 0.0043958 0.000209026 8.90511e-05 1.39406e-05 5.12477e-06 1.00302e-05 2.23307e-06 5.92705e-07 2.34542e-06
threshold=1.0000000180025095e-35 0.66704505681991588 0.48681586980819708 0.53726795315742504 0.72845035791397106 0.59033319354057323 0.74482440948486339 0.14142829179763797 0.25521181523799902 302.08424377441412 1.0926896929740908 0.4986982941627503 27.500000000000004 0.31495131552219396
decision_type=2 2 2 2 2 2 2 2 2 2 2 2 2 2
left_child=8 2 7 -4 5 -3 -6 -2 9 10 -1 -11 -10 -14
right_child=1 4 3 -5 6 -7 -8 -9 12 11 -12 -13 13 -15
leaf_value=-0.050725695855380004 -0.052047630234579347 0.055272636177664425 0.055187898222212178 0.011732663789680433 0.051015255025317167 0.050582518391582169 0.050222627156340197 -0.050375905904759037 -0.050152663816698043 -0.050276969544249386 -0.05030183069754357 -0.050206927004601859 -0.050293249701919854 -0.050161048375529184
leaf_weight=0.14987531607039128 0.1044578417204346 0.72105245292186593 1.4121897881850589 8.6389302826137264 0.95331046171486367 1.6265587601810692 6.5238718390464783 0.33558965800330043 3.9670882435166277 2.0421338715532329 2.0300989977258723 2.5700335318106227 0.40824370048358138 1.8827819802099837
leaf_count=60 19 19 48 288 47 82 360 501 7821 2193 2039 3820 535 3316
internal_value=7.40806e-10 0.0322584 0.0149603 0.0178382 0.0507297 0.0520231 0.0503237 -0.0507727 -0.0502182 -0.0502678 -0.050331 -0.0502379 -0.0501644 -0.0501846
internal_weight=33.3662 20.316 10.4912 10.0511 9.82479 2.34761 7.47718 0.440047 13.0503 6.79214 2.17997 4.61217 6.25811 2.29103
internal_count=21148 1364 856 336 508 101 407 520 19784 8112 2099 6013 11672 3851
is_linear=0
shrinkage=0.05


Tree=52
num_leaves=15
num_cat=0
split_feature=9 0 5 9 5 0 13 0 5 16 18 2 6 5
split_gain=19.3391 2.4508 0.719433 0.98791 0.141499 0.00187784 0.00386726 0.00019542 1.19609e-05 4.38277e-06 8.24031e-06 1.84788e-06 5.17055e-07 1.98878e-06
threshold=1.0000000180025095e-35 0.66704505681991588 0.16184929013252261 16.500000000000004 0.16704241931438449 0.72845035791397106 0.59033319354057323 0.74482440948486339 0.25521181523799902 302.08424377441412 1.0926896929740908 0.4986982941627503 27.500000000000004 0.31495131552219396
decision_type=2 2 2 2 2 2 2 2 2 2 2 2 2 2
left_child=8 2 3 -2 -4 6 -3 -7 9 10 -1 -11 -10 -14
right_child=1 5 4 -5 -6 7 -8 -9 12 11 -12 -13 13 -15
leaf_value=-0.05068199142914756 0.041364917314682281 0.055172515666126555 0.021672220122498018 0.0066349982922701486 -0.050454851088759245 0.051018811471228623 0.050577145396625695 0.050210677866315778 -0.050138402920139859 -0.050258694141844876 -0.050283929636205794 -0.050191904681042454 -0.050274460717660098 -0.050146781600111212
leaf_weight=0.13975849532289641 3.0194748596986756 0.66746014077216242 0.079092596366536649 6.3618075255071744 0.48476341480272822 0.8581431172788142 1.4577045207843182 5.8320142440497875 3.5362110958230915 1.8739301165624054 1.8642443738935979 2.3149511247174814 0.37258942113840054 1.6810574177070519
leaf_count=60 88 19 12 135 621 47 82 360 7821 2193 2039 3820 535 3316
internal_value=-3.75051e-10 0.0315306 0.0145163 0.0178132 -0.0403375 0.0507256 0.0520204 0.0503143 -0.050203 -0.0502509 -0.0503117 -0.0502218 -0.05015 -0.0501699
internal_weight=30.5432 18.7605 9.94514 9.38128 0.563856 8.81532 2.12516 6.69016 11.7827 6.19288 2.004 4.18888 5.58986 2.05365
internal_count=21148 1364 856 223 633 508 101 407 19784 8112 2099 6013 11672 3851
is_linear=0
shrinkage=0.05


Tree=53
num_leaves=14
num_cat=0
split_feature=9 0 9 5 13 5 9 0 13 9 13 5 4
split_gain=17.3332 2.19329 0.764846 1.95544 1.45362 0.123894 0.170052 0.00165148 0.00370077 0.000448355 3.28275e-05 9.96575e-06 1.61423e-07
threshold=1.5000000000000002 0.66704505681991588 16.500000000000004 0.10674187541007997 0.53726795315742504 1.0000000180025095e-35 1.0000000180025095e-35 0.74482440948486339 0.59033319354057323 1.0000000180025095e-35 0.47771476209163671 0.25521181523799902 0.038813024759292609
decision_type=2 2 2 2 2 2 2 2 2 2 2 2 2
left_child=5 2 3 -2 -4 6 12 8 -3 11 -9 -7 -1
right_child=1 7 4 -5 -6 9 -8 10 -10 -11 -12 -13 -14
leaf_value=-0.050288298686752435 0.060974607370592848 0.054294087681749315 0.0531164279360185 -0.028752948827666869 -0.0069213355811731624 -0.050234509180861822 0.053705780733831671 0.050549572323338676 0.05036468007325165 -0.053510605022087737 0.050153731331178765 -0.050137217282984203 -0.050440766385482276
leaf_weight=0.068939702003265491 2.1517850030213617 0.91976032778620664 1.2579902601137289 0.84590221647522401 5.0771821139496751 5.5622082436748279 0.068471036851406097 0.59083480015397061 1.7193050710484383 0.10254744862322773 4.6139970049262047 4.9963771960901795 0.02320271183270961
leaf_count=65 38 33 116 321 347 8033 2 37 113 34 323 11672 14
internal_value=-6.40293e-10 0.0312263 0.0148466 0.0356548 0.00500051 -0.0495638 -0.00597666 0.0507153 0.0517341 -0.0502204 0.0501987 -0.0501885 -0.0503267
internal_weight=27.9985 17.1768 9.33286 2.99769 6.33517 10.8217 0.160613 7.8439 2.63907 10.6611 5.20483 10.5586 0.0921424
internal_count=21148 1328 822 359 463 19820 81 506 146 19739 360 19705 79
is_linear=0
shrinkage=0.05


Tree=54
num_leaves=15
num_cat=0
split_feature=9 0 2 13 0 13 0 5 5 16 18 18 6 5
split_gain=15.6258 2.06914 0.613192 0.649397 0.00144248 0.00284263 0.000160352 6.03626e-05 9.22054e-06 3.73456e-06 5.97463e-06 1.29146e-06 4.2825e-07 1.56699e-06
threshold=1.0000000180025095e-35 0.66704505681991588 0.48681586980819708 0.99566602706909191 0.72845035791397106 0.59033319354057323 0.74482440948486339 0.14142829179763797 0.25521181523799902 302.08424377441412 1.0926896929740908 0.91226625442504894 27.500000000000004 0.31495131552219396
decision_type=2 2 2 2 2 2 2 2 2 2 2 2 2 2
left_child=8 2 7 -4 5 -3 -6 -2 9 10 -1 -11 -10 -14
right_child=1 4 3 -5 6 -7 -8 -9 12 11 -12 -13 13 -15
leaf_value=-0.050617005622060222 -0.051813940057303901 0.054869049271695863 0.013447598275966605 0.071387113710583691 0.051000029023247066 0.05054583544334345 0.050184561681072395 -0.050312368718987879 -0.050113879761285444 -0.050321868342040901 -0.050257870401332894 -0.050186410886601057 -0.050246514428437195 -0.050122410354059094
leaf_weight=0.12481271510478098 0.09039435035083343 0.56315770745277483 7.8594372925290354 0.51532553136348713 0.69263779092580069 1.1705770939588545 4.6497493498027325 0.25783103139838204 2.8092083994706627 0.18601231215870973 1.6050112852244636 3.2563737568270881 0.3138577534991781 1.3415434851776806
leaf_count=60 19 19 332 4 47 82 360 501 7821 202 2039 5811 535 3316
internal_value=3.65344e-10 0.0306068 0.0143096 0.0170128 0.050697 0.0519501 0.0502903 -0.0507022 -0.0501784 -0.0502238 -0.0502838 -0.0501937 -0.0501258 -0.0501459
internal_weight=25.4359 15.7991 8.72299 8.37476 7.07612 1.73373 5.34239 0.348225 9.63682 5.17221 1.72982 3.44239 4.46461 1.6554
internal_count=21148 1364 856 336 508 101 407 520 19784 8112 2099 6013 11672 3851
is_linear=0
shrinkage=0.05


Tree=55
num_leaves=14
num_cat=0
split_feature=9 0 9 5 13 5 9 0 13 9 13 5 4
split_gain=13.998 1.86132 0.660306 1.59952 1.12047 0.104657 0.144927 0.00120318 0.00263198 0.000284057 2.70047e-05 7.54839e-06 1.20133e-07
threshold=1.5000000000000002 0.66704505681991588 16.500000000000004 0.10674187541007997 0.53726795315742504 1.0000000180025095e-35 1.0000000180025095e-35 0.74482440948486339 0.59033319354057323 1.0000000180025095e-35 0.47771476209163671 0.25521181523799902 0.038813024759292609
decision_type=2 2 2 2 2 2 2 2 2 2 2 2 2
left_child=5 2 3 -2 -4 6 12 8 -3 11 -9 -7 -1
right_child=1 7 4 -5 -6 9 -8 10 -10 -11 -12 -13 -14
leaf_value=-0.05025590078738016 0.060267148421075938 0.0539841458576657 0.049958478630986042 -0.026673309240518729 -0.0060963279024675056 -0.050208930449407434 0.053490599979499287 0.050529884245695003 0.05032601487864468 -0.053045186839471736 0.050130412294723328 -0.050115197230069436 -0.05039697712133312
leaf_weight=0.059020379208960416 1.8523919917643055 0.76584786269813898 1.1102355514594817 0.74053028741036531 4.524703533097636 4.6475432938605046 0.058424016460776329 0.47799948509782542 1.3736252496019004 0.086499791679671811 3.6811489211395383 3.993435199430678 0.020273723697755486
leaf_count=65 38 33 116 321 347 8033 2 37 113 34 323 11672 14
internal_value=1.02677e-10 0.0302159 0.0145563 0.0354372 0.00494799 -0.0495117 -0.0062644 0.050672 0.0516355 -0.0501942 0.0501763 -0.0501656 -0.050292
internal_weight=23.3917 14.5265 8.22786 2.59292 5.63494 8.8652 0.137718 6.29862 2.13947 8.72748 4.15915 8.64098 0.0792941
internal_count=21148 1328 822 359 463 19820 81 506 146 19739 360 19705 79
is_linear=0
shrinkage=0.05


Tree=56
num_leaves=15
num_cat=0
split_feature=9 0 2 13 16 0 13 0 5 16 18 18 6 5
split_gain=12.6317 1.76337 0.530056 0.793349 0.22357 0.0010654 0.00201326 0.000116283 6.94395e-06 2.92051e-06 4.21429e-06 1.00589e-06 3.44976e-07 1.19252e-06
threshold=1.0000000180025095e-35 0.66704505681991588 0.50321573019027721 0.53726795315742504 266.03240966796881 0.72845035791397106 0.59033319354057323 0.74482440948486339 0.25521181523799902 302.08424377441412 1.0926896929740908 0.91226625442504894 27.500000000000004 0.31495131552219396
decision_type=2 2 2 2 2 2 2 2 2 2 2 2 2 2
left_child=8 2 4 -4 -2 6 -3 -7 9 10 -1 -11 -10 -14
right_child=1 5 3 -5 -6 7 -8 -9 12 11 -12 -13 13 -15
leaf_value=-0.050553960914150577 0.045177982197492701 0.054507963482176937 0.061496524268300101 0.011329542573958139 -0.045670540363321903 0.050938354292637524 0.050510024492279752 0.050164536769213987 -0.050093840284037731 -0.050292075705190092 -0.05023297098596903 -0.050163067884487378 -0.050220973879955624 -0.050102469918638495
leaf_weight=0.11045378760900426 0.078817834728397318 0.47344968188554026 0.90147410507779557 6.2649728852848057 0.4809603897301713 0.55840862542390812 0.94029955938458443 3.7178061371669173 2.2344052159314747 0.1601180272700734 1.3774555327399864 2.6820611095172353 0.26477634870389 1.0710404999263117
leaf_count=60 10 19 36 255 555 47 82 360 7821 202 2039 5811 535 3316
internal_value=7.50584e-11 0.0295359 0.0139799 0.0176401 -0.0328789 0.050659 0.0518489 0.0502656 -0.0501575 -0.0502 -0.0502568 -0.0501703 -0.0501059 -0.050126
internal_weight=21.3165 13.4162 7.72623 7.16645 0.559778 5.68996 1.41375 4.27621 7.90031 4.33009 1.48791 2.84218 3.57022 1.33582
internal_count=21148 1364 856 291 565 508 101 407 19784 8112 2099 6013 11672 3851
is_linear=0
shrinkage=0.05


Tree=57
num_leaves=15
num_cat=0
split_feature=9 0 9 5 13 0 13 0 5 16 18 18 6 5
split_gain=11.3201 1.66031 0.54921 1.30083 1.0034 0.000965659 0.00175918 0.00010805 5.85764e-06 2.4224e-06 3.46652e-06 8.46782e-07 2.9635e-07 1.0006e-06
threshold=1.0000000180025095e-35 0.66704505681991588 16.500000000000004 0.099847823381423964 0.9762801229953767 0.72845035791397106 0.59033319354057323 0.74482440948486339 0.25521181523799902 302.08424377441412 1.0926896929740908 0.91226625442504894 27.500000000000004 0.31495131552219396
decision_type=2 2 2 2 2 2 2 2 2 2 2 2 2 2
left_child=8 2 3 -2 -4 6 -3 -7 9 10 -1 -11 -10 -14
right_child=1 5 4 -5 -6 7 -8 -9 12 11 -12 -13 13 -15
leaf_value=-0.05052083271859284 0.057343453744809363 0.054407397640765923 0.010715201279073522 -0.023905199034248668 -0.072232999412451135 0.050943274904413464 0.050508910792653475 0.050157693936762775 -0.050085199300113306 -0.050275880814359686 -0.050219159831856375 -0.050152565363201854 -0.05020748247753834 -0.050093711150798664
leaf_weight=0.10297181317582849 1.668944529257715 0.44029562966898061 4.5696223172126338 0.69895431764598459 0.3961985409259795 0.50401703827083144 0.84420487284660339 3.327026529237628 1.9919968601170697 0.14763793803285841 1.2661514326027825 2.4392425608530175 0.24205428682034813 0.95862326110363938
leaf_count=60 41 19 459 352 4 47 82 360 7821 202 2039 5811 535 3316
internal_value=2.58992e-10 0.0287959 0.0135457 0.0333605 0.00409717 0.0506588 0.0518452 0.050261 -0.0501474 -0.0501881 -0.0502418 -0.0501596 -0.050097 -0.0501166
internal_weight=19.5979 12.4493 7.33372 2.3679 4.96582 5.11554 1.2845 3.83104 7.14868 3.956 1.36912 2.58688 3.19267 1.20068
internal_count=21148 1364 856 393 463 508 101 407 19784 8112 2099 6013 11672 3851
is_linear=0
shrinkage=0.05


Tree=58
num_leaves=15
num_cat=0
split_feature=9 0 9 5 13 0 13 0 5 16 18 18 6 5
split_gain=10.1651 1.53266 0.464278 1.16117 0.835957 0.000832798 0.00143107 8.72356e-05 4.91677e-06 2.06727e-06 2.84409e-06 7.21878e-07 2.58396e-07 8.52474e-07
threshold=1.0000000180025095e-35 0.66704505681991588 16.500000000000004 0.099847823381423964 0.9762801229953767 0.72845035791397106 0.59033319354057323 0.74482440948486339 0.25521181523799902 302.08424377441412 1.0926896929740908 0.91226625442504894 27.500000000000004 0.31495131552219396
decision_type=2 2 2 2 2 2 2 2 2 2 2 2 2 2
left_child=8 2 3 -2 -4 6 -3 -7 9 10 -1 -11 -10 -14
right_child=1 5 4 -5 -6 7 -8 -9 12 11 -12 -13 13 -15
leaf_value=-0.050489964800925373 0.056406750880582626 0.054211332274767703 0.01044222785881945 -0.023625933702407564 -0.070338194374587271 0.050895001191082812 0.050522254435487891 0.050150176834626747 -0.050077342256183245 -0.050260781403884049 -0.050206914298935791 -0.05014219504473854 -0.050195682963185197 -0.050085734849802471
leaf_weight=0.096048922452611207 1.5167184332385661 0.40168325556442119 4.3528806332615204 0.64634861843660463 0.34570211544632901 0.4529051813296977 0.76079371385276318 2.9781409618444741 1.7770152723896901 0.1362520160764692 1.1674431856226872 2.2076883249683306 0.22199245601950657 0.85647175409394549
leaf_count=60 41 19 459 352 4 47 82 360 7821 202 2039 5811 535 3316
internal_value=8.32439e-11 0.0282875 0.0133234 0.0324921 0.00449874 0.0506404 0.051797 0.0502485 -0.0501381 -0.0501769 -0.0502284 -0.0501491 -0.0500891 -0.0501084
internal_weight=17.9181 11.4552 6.86165 2.16307 4.69858 4.59352 1.16248 3.43105 6.46291 3.60743 1.26349 2.34394 2.85548 1.07846
internal_count=21148 1364 856 393 463 508 101 407 19784 8112 2099 6013 11672 3851
is_linear=0
shrinkage=0.05


Tree=59
num_leaves=14
num_cat=0
split_feature=9 0 9 5 13 5 9 0 13 9 0 5 18
split_gain=9.13307 1.34954 0.478496 1.0469 0.75313 0.0782663 0.106334 0.000645024 0.00125551 0.000182365 7.06866e-05 3.98692e-06 6.72609e-08
threshold=1.5000000000000002 0.66704505681991588 16.500000000000004 0.10674187541007997 0.53726795315742504 1.0000000180025095e-35 1.0000000180025095e-35 0.72845035791397106 0.59033319354057323 1.0000000180025095e-35 0.74482440948486339 0.25521181523799902 1.0973996520042422
decision_type=2 2 2 2 2 2 2 2 2 2 2 2 2
left_child=5 2 3 -2 -4 6 12 8 -3 11 -9 -7 -1
right_child=1 7 4 -5 -6 9 -8 10 -10 -11 -12 -13 -14
leaf_value=-0.0503338538285827 0.058750730004616059 0.054028005915812964 0.046118911024448331 -0.021995151835477053 -0.0054425381427720514 -0.050165416197662183 0.05313901939605066 0.050850675616139353 0.050361729571034936 -0.052736189748422937 0.050143419935206691 -0.05008185141016705 -0.050202861106813136
leaf_weight=0.012489170418121698 1.3454129351302979 0.36677951645106055 0.88344968530873291 0.5721276062686228 3.5702617143688258 3.2344518485842855 0.043568359687924385 0.40723526012152467 0.64268105151131749 0.067833115637767949 2.66667215898633 2.5547526481605018 0.045504962909035385
leaf_count=10 38 19 116 321 347 8033 2 47 80 34 360 11672 69
internal_value=1.45069e-10 0.0281578 0.0137763 0.034659 0.00478532 -0.0494041 -0.00588729 0.0505972 0.0516938 -0.0501587 0.0502371 -0.0501285 -0.0502311
internal_weight=16.4132 10.4546 6.37125 1.91754 4.45371 5.9586 0.101562 4.08337 1.00946 5.85704 3.07391 5.7892 0.0579941
internal_count=21148 1328 822 359 463 19820 81 506 99 19739 407 19705 79
is_linear=0
shrinkage=0.05


Tree=60
num_leaves=15
num_cat=0
split_feature=9 0 2 13 16 0 13 0 5 16 18 18 6 5
split_gain=8.25511 1.28766 0.459045 0.626829 0.173193 0.000587526 0.000945792 5.60853e-05 3.6393e-06 1.59814e-06 2.01181e-06 5.59055e-07 2.09852e-07 6.41788e-07
threshold=1.0000000180025095e-35 0.66704505681991588 0.50321573019027721 0.53726795315742504 266.03240966796881 0.72845035791397106 0.59033319354057323 0.74482440948486339 0.25521181523799902 302.08424377441412 1.0926896929740908 0.91226625442504894 27.500000000000004 0.31495131552219396
decision_type=2 2 2 2 2 2 2 2 2 2 2 2 2 2
left_child=8 2 4 -4 -2 6 -3 -7 9 10 -1 -11 -10 -14
right_child=1 5 3 -5 -6 7 -8 -9 12 11 -12 -13 13 -15
leaf_value=-0.050440943816654926 0.044922184550982527 0.05380955604985499 0.061054960672397185 0.01065746988694242 -0.047355758219320032 0.050800545835358125 0.050503500842362339 0.050135136528644819 -0.050063773249885181 -0.050237408988027601 -0.05018785844681603 -0.050125067209522728 -0.050176806605053352 -0.050072514622650027
leaf_weight=0.085156322340482205 0.058415420993695011 0.33369160536676679 0.70655351312598202 4.8667399356490932 0.39252432613284327 0.36511178826913271 0.61508093075826764 2.386972192209214 1.4133975518197988 0.11794128097244527 1.0079609715612603 1.8141792709648141 0.18792665771616146 0.68594360312999925
leaf_count=60 10 19 36 255 555 47 82 360 7821 202 2039 5811 535 3316
internal_value=-3.03133e-11 0.0273807 0.0131206 0.0170466 -0.0354019 0.0505933 0.0516663 0.0502234 -0.0501233 -0.0501593 -0.0502076 -0.0501319 -0.0500757 -0.0500949
internal_weight=15.0376 9.72509 6.02423 5.57329 0.45094 3.70086 0.948773 2.75208 5.31251 3.02524 1.09312 1.93212 2.28727 0.87387
internal_count=21148 1364 856 291 565 508 101 407 19784 8112 2099 6013 11672 3851
is_linear=0
shrinkage=0.05


Tree=61
num_leaves=15
num_cat=0
split_feature=9 0 9 5 13 0 13 0 5 16 18 18 6 5
split_gain=7.41411 1.20941 0.40701 0.886947 0.666376 0.0005303 0.000820867 5.18117e-05 3.04905e-06 1.31865e-06 1.6553e-06 4.68441e-07 1.79927e-07 5.34622e-07
threshold=1.0000000180025095e-35 0.66704505681991588 16.500000000000004 0.12912064790725711 0.9762801229953767 0.72845035791397106 0.59033319354057323 0.74482440948486339 0.25521181523799902 302.08424377441412 1.0926896929740908 0.91226625442504894 27.500000000000004 0.31495131552219396
decision_type=2 2 2 2 2 2 2 2 2 2 2 2 2 2
left_child=8 2 3 -2 -4 6 -3 -7 9 10 -1 -11 -10 -14
right_child=1 5 4 -5 -6 7 -8 -9 12 11 -12 -13 13 -15
leaf_value=-0.050414842959205265 0.047587576472990896 0.053714111323926922 0.0096169923036595138 -0.051360561045461939 -0.068599023921046678 0.050803799486152518 0.050504365936651377 0.05013090539520957 -0.05005797260920835 -0.050224450714040261 -0.050177010010843306 -0.050117427095072158 -0.050166238041513427 -0.050066593660466424
leaf_weight=0.079416324937484406 1.501161924097685 0.31122755445539985 3.664599953728612 0.2667144983424804 0.29417222552001465 0.33024762477725778 0.5533412522636354 2.1385927624069154 1.2614097776604469 0.10898366308538232 0.92864356283098459 1.6532193490274947 0.17242919062118733 0.61375525069161085
leaf_count=60 51 19 459 342 4 47 82 360 7821 202 2039 5811 535 3316
internal_value=1.00007e-10 0.0266501 0.0127126 0.0326596 0.00380484 0.0505941 0.0516598 0.0502209 -0.0501159 -0.0501501 -0.0501957 -0.050124 -0.0500697 -0.0500884
internal_weight=13.8779 9.06006 5.72665 1.76788 3.95877 3.33341 0.864569 2.46884 4.81786 2.77026 1.00806 1.7622 2.04759 0.786184
internal_count=21148 1364 856 393 463 508 101 407 19784 8112 2099 6013 11672 3851
is_linear=0
shrinkage=0.05


Tree=62
num_leaves=15
num_cat=0
split_feature=9 0 2 13 16 0 13 0 5 16 18 16 6 5
split_gain=6.67637 1.12271 0.39308 0.577124 0.144207 0.000506346 0.000748167 4.79834e-05 2.55779e-06 1.10852e-06 1.36107e-06 3.9551e-07 1.56765e-07 4.5308e-07
threshold=1.0000000180025095e-35 0.66704505681991588 0.50321573019027721 0.53726795315742504 266.03240966796881 0.72845035791397106 0.59033319354057323 0.74482440948486339 0.25521181523799902 302.08424377441412 1.0926896929740908 1576.4180908203127 27.500000000000004 0.31495131552219396
decision_type=2 2 2 2 2 2 2 2 2 2 2 2 2 2
left_child=8 2 4 -4 -2 6 -3 -7 9 10 -1 -11 -10 -14
right_child=1 5 3 -5 -6 7 -8 -9 12 11 -12 -13 13 -15
leaf_value=-0.050390700579718187 0.044613104501432285 0.053705167396226119 0.061105919207107423 0.0097981920837347473 -0.047050832449160682 0.05080751463915565 0.050516971665181543 0.050125645702687197 -0.05005272895991645 -0.050106957040938108 -0.050167419931650664 -0.050180469003265428 -0.050157156311825504 -0.050061248753488531
leaf_weight=0.074146866652882948 0.049005259119437983 0.29136809566989574 0.62682020303327579 4.363037163799163 0.34480220937984996 0.29820422641932998 0.49942329712212086 1.9139717072248457 1.1262338666638241 1.3926501283349351 0.85855734507640591 0.21064585323620111 0.15874081706715504 0.54912721543951193
leaf_count=60 10 19 36 255 555 47 82 360 7821 5356 2039 657 535 3316
internal_value=5.46179e-10 0.0261109 0.0124479 0.0162434 -0.0356442 0.0506057 0.0516917 0.0502176 -0.0501093 -0.0501418 -0.0501852 -0.0501166 -0.0500643 -0.0500828
internal_weight=12.7567 8.38663 5.38366 4.98986 0.393807 3.00297 0.790791 2.21218 4.3701 2.536 0.932704 1.6033 1.8341 0.707868
internal_count=21148 1364 856 291 565 508 101 407 19784 8112 2099 6013 11672 3851
is_linear=0
shrinkage=0.05


Tree=63
num_leaves=15
num_cat=0
split_feature=9 0 9 18 16 0 13 0 5 16 18 16 6 5
split_gain=6.00447 1.05304 0.38652 0.776117 0.588941 0.000454182 0.0006448 4.40621e-05 2.14237e-06 9.14715e-07 1.12197e-06 3.3699e-07 1.3463e-07 3.78579e-07
threshold=1.0000000180025095e-35 0.66704505681991588 16.500000000000004 1.1415238380432131 444.40925598144537 0.72845035791397106 0.59033319354057323 0.74482440948486339 0.25521181523799902 302.08424377441412 1.0926896929740908 1576.4180908203127 27.500000000000004 0.31495131552219396
decision_type=2 2 2 2 2 2 2 2 2 2 2 2 2 2
left_child=8 2 3 -2 -4 6 -3 -7 9 10 -1 -11 -10 -14
right_child=1 5 4 -5 -6 7 -8 -9 12 11 -12 -13 13 -15
leaf_value=-0.050367903612212328 -0.025818864874415561 0.053601373094000905 0.027801878871997549 0.053638271744645707 -0.013780949647744931 0.050809405455496864 0.05051796993054887 0.050122370323419818 -0.050047984209114209 -0.05010055832451276 -0.050157976785918705 -0.050171424452534231 -0.05014818788414465 -0.050056387643299283
leaf_weight=0.069209518755088406 0.41780784934962856 0.27212603506632183 1.4214859133498978 1.1622318523950523 2.1235431892273482 0.27010508393868793 0.4498216537758708 1.7159887026064096 1.0059062259024356 1.271204140211921 0.79207613747712458 0.19326053933764331 0.14555760297662335 0.49164407448552083
leaf_count=60 240 19 84 153 379 47 82 360 7821 5356 2039 657 535 3316
internal_value=2.44875e-10 0.0253861 0.01206 0.0326275 0.00289293 0.0506062 0.0516802 0.0502158 -0.0501031 -0.050134 -0.0501748 -0.0501099 -0.0500594 -0.0500774
internal_weight=11.802 7.83311 5.12507 1.58004 3.54503 2.70804 0.721948 1.98609 3.96886 2.32575 0.861286 1.46446 1.64311 0.637202
internal_count=21148 1364 856 393 463 508 101 407 19784 8112 2099 6013 11672 3851
is_linear=0
shrinkage=0.05


Tree=64
num_leaves=15
num_cat=0
split_feature=9 0 2 13 16 0 13 0 5 16 18 16 6 5
split_gain=5.41227 0.97284 0.350536 0.522662 0.117319 0.000392754 0.000553621 3.41788e-05 1.7462e-06 6.44538e-07 8.73956e-07 3.26946e-07 1.19892e-07 3.25207e-07
threshold=1.0000000180025095e-35 0.66704505681991588 0.50321573019027721 0.53726795315742504 266.03240966796881 0.72845035791397106 0.59033319354057323 0.74482440948486339 0.25521181523799902 302.08424377441412 1.0926896929740908 1576.4180908203127 27.500000000000004 0.31495131552219396
decision_type=2 2 2 2 2 2 2 2 2 2 2 2 2 2
left_child=8 2 4 -4 -2 6 -3 -7 9 10 -1 -11 -10 -14
right_child=1 5 3 -5 -6 7 -8 -9 12 11 -12 -13 13 -15
leaf_value=-0.050340255911631528 0.043449062987127529 0.053486183116717524 0.060610568846215324 0.0091223845702346987 -0.04691878484740844 0.050758961358424504 0.050495996872552844 0.050120507188328806 -0.05004387256359033 -0.050095331002358669 -0.050146448486190244 -0.050167623266731021 -0.050141035631460266 -0.050052311555133892
leaf_weight=0.063276636967203426 0.040646043838932999 0.25052427430637214 0.56393130851211015 3.9123004804569064 0.30859086370764999 0.24264354119077314 0.40509689273312688 1.5403195163235066 0.89955192481647805 1.1636573869764104 0.72058006007864606 0.18068289906659618 0.13486513500538422 0.44099569618265377
leaf_count=60 10 19 36 255 555 47 82 360 7821 5356 2039 657 535 3316
internal_value=-6.25653e-11 0.0248526 0.0118449 0.015609 -0.0364013 0.0505922 0.0516386 0.0502074 -0.0500971 -0.0501261 -0.0501621 -0.050105 -0.0500553 -0.0500731
internal_weight=10.8677 7.26405 4.82547 4.47623 0.349237 2.43858 0.655621 1.78296 3.60361 2.1282 0.783857 1.34434 1.47541 0.575861
internal_count=21148 1364 856 291 565 508 101 407 19784 8112 2099 6013 11672 3851
is_linear=0
shrinkage=0.05


Tree=65
num_leaves=15
num_cat=0
split_feature=9 0 9 5 16 0 13 0 5 16 18 16 6 5
split_gain=4.87427 0.911386 0.378638 0.666796 0.503553 0.000350737 0.000475029 3.12426e-05 1.46073e-06 5.31669e-07 7.21445e-07 2.78123e-07 1.03035e-07 2.7167e-07
threshold=1.0000000180025095e-35 0.66704505681991588 16.500000000000004 0.094373971223831191 444.40925598144537 0.72845035791397106 0.59033319354057323 0.74482440948486339 0.25521181523799902 302.08424377441412 1.0926896929740908 1576.4180908203127 27.500000000000004 0.31495131552219396
decision_type=2 2 2 2 2 2 2 2 2 2 2 2 2 2
left_child=8 2 3 -2 -4 6 -3 -7 9 10 -1 -11 -10 -14
right_child=1 5 4 -5 -6 7 -8 -9 12 11 -12 -13 13 -15
leaf_value=-0.050320619980013283 0.055722861731214303 0.053381064032941794 0.026609471003155999 -0.018816206026722668 -0.014094080747292449 0.050759458247954581 0.050496546592499136 0.050117985210897179 -0.05003998419786862 -0.050089819985287845 -0.050138339249428759 -0.050159392120557623 -0.050133186707711566 -0.050048311684173369
leaf_weight=0.05910250163287889 0.98380759125575401 0.23428741330280933 1.2522043845528972 0.43167897879175143 1.9324411182169567 0.22003503097221244 0.36523072118870914 1.3820447882171718 0.80382302088037227 1.0637208756306789 0.6656421034494997 0.16607802110956971 0.12382789584080456 0.39511187825701199
leaf_count=60 39 19 84 354 379 47 82 360 7821 5356 2039 657 535 3316
internal_value=5.00053e-10 0.0241359 0.0114741 0.0329908 0.00191058 0.0505921 0.0516238 0.0502061 -0.0500918 -0.0501192 -0.0501532 -0.0500992 -0.0500512 -0.0500686
internal_weight=10.079 6.80173 4.60013 1.41549 3.18465 2.2016 0.599518 1.60208 3.27731 1.95454 0.724745 1.2298 1.32276 0.51894
internal_count=21148 1364 856 393 463 508 101 407 19784 8112 2099 6013 11672 3851
is_linear=0
shrinkage=0.05


Tree=66
num_leaves=14
num_cat=0
split_feature=9 0 9 5 13 2 9 0 13 9 0 5 17
split_gain=4.39711 0.805218 0.398258 0.609549 0.457556 0.051321 0.0564944 0.000285709 0.000439578 6.81002e-05 2.49653e-05 1.22548e-06 2.67551e-08
threshold=1.5000000000000002 0.66704505681991588 16.500000000000004 0.12912064790725711 0.53726795315742504 0.70235460996627819 1.0000000180025095e-35 0.72845035791397106 0.59033319354057323 1.0000000180025095e-35 0.74482440948486339 0.25521181523799902 173429.00000000003
decision_type=2 2 2 2 2 2 2 2 2 2 2 2 2
left_child=5 2 3 -2 -4 9 12 8 -3 11 -9 -1 -7
right_child=1 7 4 -5 -6 6 -8 10 -10 -11 -12 -13 -14
leaf_value=-0.050113503477039738 0.049448446897884614 0.053287687285478419 0.041053354506397542 -0.05107307944507166 -0.0076209761571608319 -0.050187975491393366 0.052418742537122177 0.050721285251905092 0.050341064969560936 -0.052075994770184757 0.050116817710350842 -0.050047788663849124 -0.050033260517638845
leaf_weight=1.7624049113801459 1.0861377099063245 0.21669916925020505 0.60263352263427838 0.17512628522672447 2.4284551925884443 0.0031477903103221952 0.025857329368591309 0.19809952867217351 0.30430830968543887 0.043674269909388275 1.2403200448025016 1.1874539226155318 0.024887172257876955
leaf_count=7862 46 19 116 313 347 10 2 47 80 34 360 11672 240
internal_value=3.63575e-10 0.0240047 0.0118808 0.0354911 0.00205633 -0.0492455 -0.000886192 0.0505634 0.0515666 -0.0501161 0.0502001 -0.0500871 -0.0500506
internal_weight=9.29921 6.25178 4.29235 1.26126 3.03109 3.04743 0.0538923 1.95943 0.521007 2.99353 1.43842 2.94986 0.028035
internal_count=21148 1328 822 359 463 19820 252 506 99 19568 407 19534 250
is_linear=0
shrinkage=0.05


Tree=67
num_leaves=15
num_cat=0
split_feature=9 0 2 13 16 0 13 0 5 16 18 16 6 5
split_gain=4.00176 0.767873 0.315569 0.426195 0.0946856 0.00027883 0.000364767 2.31214e-05 1.04883e-06 3.37122e-07 5.02752e-07 2.47168e-07 7.5817e-08 1.88356e-07
threshold=1.0000000180025095e-35 0.66704505681991588 0.50321573019027721 0.53726795315742504 266.03240966796881 0.72845035791397106 0.59033319354057323 0.74482440948486339 0.25782887637615209 302.08424377441412 1.0926896929740908 1576.4180908203127 27.500000000000004 0.31495131552219396
decision_type=2 2 2 2 2 2 2 2 2 2 2 2 2 2
left_child=8 2 4 -4 -2 6 -3 -7 9 10 -1 -11 -10 -14
right_child=1 5 3 -5 -6 7 -8 -9 12 11 -12 -13 13 -15
leaf_value=-0.050284806995434965 0.043172180987396724 0.053221741855468935 0.059740833880745838 0.008854956483935094 -0.047986625999891619 0.050723484498873143 0.050469131931361003 0.050110586408339867 -0.050033321772709465 -0.050080957394302433 -0.050123486224512251 -0.050151234564713022 -0.050120478597630691 -0.050041916271599762
leaf_weight=0.05272336977941483 0.031897381995804497 0.20273005822673429 0.46999901355593499 3.305122281803051 0.26632424531271681 0.17863123957067717 0.29620364936999977 1.1104726495686916 0.62958971667103447 0.90249788187429636 0.57515992144180927 0.1452489692819654 0.10041892276058206 0.31757094786371454
leaf_count=62 10 19 36 255 555 47 82 360 7685 5463 2076 669 513 3316
internal_value=1.07004e-10 0.0232689 0.0112787 0.0151902 -0.0382364 0.050584 0.0515876 0.0501955 -0.0500835 -0.0501081 -0.050137 -0.0500907 -0.0500443 -0.0500608
internal_weight=8.58459 5.86138 4.07334 3.77512 0.298222 1.78804 0.498934 1.2891 2.72321 1.67563 0.627883 1.04775 1.04758 0.41799
internal_count=21148 1364 856 291 565 508 101 407 19784 8270 2138 6132 11514 3829
is_linear=0
shrinkage=0.05


Tree=68
num_leaves=15
num_cat=0
split_feature=9 0 9 18 16 0 13 0 5 16 18 16 6 5
split_gain=3.61105 0.718716 0.331739 0.518987 0.399229 0.000247908 0.000311563 2.10552e-05 8.72975e-07 2.769e-07 4.15165e-07 2.09288e-07 6.50574e-08 1.57023e-07
threshold=1.0000000180025095e-35 0.66704505681991588 16.500000000000004 1.1415238380432131 444.40925598144537 0.72845035791397106 0.59033319354057323 0.74482440948486339 0.25782887637615209 302.08424377441412 1.0926896929740908 1576.4180908203127 27.500000000000004 0.31495131552219396
decision_type=2 2 2 2 2 2 2 2 2 2 2 2 2 2
left_child=8 2 3 -2 -4 6 -3 -7 9 10 -1 -11 -10 -14
right_child=1 5 4 -5 -6 7 -8 -9 12 11 -12 -13 13 -15
leaf_value=-0.050268449416541676 -0.023314307354459551 0.053117674580183238 0.025191254524375345 0.052753126043379256 -0.014071166358966217 0.050723069431197122 0.050469652500834017 0.050108965641387629 -0.050030436211401255 -0.050076457839272427 -0.050116718968148968 -0.050143869520974271 -0.050113933356336654 -0.050038901755359001
leaf_weight=0.049257456528721599 0.30207554287335392 0.18998517445288587 1.0651702929098976 0.87015301448263926 1.6509918379961162 0.16228888556361176 0.26746451901271939 0.99738705973140895 0.5628499452905088 0.82630988145319861 0.53200852825466427 0.13377690406923648 0.092338853966793977 0.28477785198265337
leaf_count=62 240 19 84 153 379 47 82 360 7685 5463 2076 669 513 3316
internal_value=-3.46838e-10 0.0225705 0.0109203 0.0331511 0.00132599 0.0505837 0.0515694 0.0501949 -0.0500792 -0.0501023 -0.0501296 -0.0500859 -0.0500412 -0.0500573
internal_weight=7.98684 5.50552 3.88839 1.17223 2.71616 1.61713 0.45745 1.15968 2.48132 1.54135 0.581266 0.960087 0.939967 0.377117
internal_count=21148 1364 856 393 463 508 101 407 19784 8270 2138 6132 11514 3829
is_linear=0
shrinkage=0.05


Tree=69
num_leaves=15
num_cat=0
split_feature=9 0 9 5 2 0 13 0 5 16 18 16 6 5
split_gain=3.26805 0.663602 0.293156 0.481131 0.36322 0.000214533 0.000267734 1.64245e-05 7.15442e-07 1.97783e-07 3.40736e-07 2.31091e-07 4.62859e-08 9.85287e-08
threshold=1.0000000180025095e-35 0.66704505681991588 16.500000000000004 0.12912064790725711 0.51527813076972973 0.72845035791397106 0.59033319354057323 0.74482440948486339 0.26810486614704138 302.08424377441412 1.0926896929740908 1576.4180908203127 29.500000000000004 0.35685303807258612
decision_type=2 2 2 2 2 2 2 2 2 2 2 2 2 2
left_child=8 2 3 -2 -4 6 -3 -7 9 10 -1 -11 -10 -14
right_child=1 5 4 -5 -6 7 -8 -9 12 11 -12 -13 13 -15
leaf_value=-0.050249197777440718 0.04585451207959057 0.05301582582891036 -0.041392820102152048 -0.050853273700170815 0.0097467049192100363 0.050680410291219002 0.05045019040732493 0.050108827517686361 -0.050028093636899688 -0.050071409637948039 -0.050107432339298243 -0.050141896381876418 -0.050098055026279911 -0.050031285102419269
leaf_weight=0.046331445599207877 0.93512130249291681 0.1756388850044458 0.4131477631235615 0.14912088402707013 2.1756697394594084 0.1461575338616965 0.24149551708251238 0.89713620883412659 0.53455077508988313 0.80293895249633351 0.49767499570953078 0.13597239548107609 0.084437652843917022 0.15984316618778394
leaf_count=64 51 19 325 342 138 47 82 360 8081 5979 2210 714 615 2121
internal_value=-2.71671e-10 0.0220625 0.0107269 0.0325538 0.00158538 0.0505721 0.0515305 0.0501889 -0.0500751 -0.0500955 -0.0501195 -0.0500816 -0.0500363 -0.0500544
internal_weight=7.39524 5.13349 3.67306 1.08424 2.58882 1.46043 0.417134 1.04329 2.26175 1.48292 0.544006 0.938911 0.778832 0.244281
internal_count=21148 1364 856 393 463 508 101 407 19784 8967 2274 6693 10817 2736
is_linear=0
shrinkage=0.05


Tree=70
num_leaves=15
num_cat=0
split_feature=9 0 9 5 13 0 13 0 5 16 18 16 6 5
split_gain=2.9625 0.614054 0.263813 0.430519 0.348839 0.000202063 0.000240684 1.57127e-05 5.98248e-07 1.65021e-07 2.64639e-07 1.66852e-07 5.06846e-08 1.16661e-07
threshold=1.0000000180025095e-35 0.66704505681991588 16.500000000000004 0.094373971223831191 0.53726795315742504 0.72845035791397106 0.59033319354057323 0.74482440948486339 0.25782887637615209 302.08424377441412 1.0926896929740908 1576.4180908203127 27.500000000000004 0.3556495606899262
decision_type=2 2 2 2 2 2 2 2 2 2 2 2 2 2
left_child=8 2 3 -2 -4 6 -3 -7 9 10 -1 -11 -10 -14
right_child=1 5 4 -5 -6 7 -8 -9 12 11 -12 -13 13 -15
leaf_value=-0.050234448552537461 0.054091522881710347 0.052989441393116288 0.038788253907835461 -0.01635802742300731 -0.0078415053753266191 0.05069414102582586 0.050462949783296032 0.050106674351937545 -0.050025596732488277 -0.050068914399365561 -0.050103660883786406 -0.050133826964312227 -0.05009045131914365 -0.05002741010879104
leaf_weight=0.042281913658371417 0.69354987167753301 0.16560164105612762 0.50438984301581546 0.31551176200810005 1.9583528879447838 0.13259703002404422 0.21882812911644578 0.80382564337924123 0.45064942473982217 0.69350140415190253 0.45374280655596522 0.1154795463407936 0.11997174868520233 0.18899315143426065
leaf_count=62 39 19 116 354 347 47 82 360 7685 5463 2076 669 987 2842
internal_value=-4.00761e-10 0.0215702 0.0105311 0.0320635 0.00170865 0.0505861 0.0515513 0.0501899 -0.0500716 -0.0500921 -0.0501148 -0.0500782 -0.0500363 -0.0500519
internal_weight=6.85728 4.79266 3.4718 1.00906 2.46274 1.32085 0.38443 0.936423 2.06462 1.30501 0.496025 0.808981 0.759614 0.308965
internal_count=21148 1364 856 393 463 508 101 407 19784 8270 2138 6132 11514 3829
is_linear=0
shrinkage=0.05


Tree=71
num_leaves=14
num_cat=0
split_feature=9 0 9 5 13 2 9 0 13 9 0 5 17
split_gain=2.70422 0.536463 0.280777 0.399255 0.31762 0.0380112 0.0354662 0.000157371 0.000205387 3.31024e-05 1.28248e-05 5.31768e-07 1.38446e-08
threshold=1.5000000000000002 0.66704505681991588 16.500000000000004 0.12912064790725711 0.9762801229953767 0.70235460996627819 1.0000000180025095e-35 0.72845035791397106 0.59033319354057323 1.0000000180025095e-35 0.74482440948486339 0.26810486614704138 173429.00000000003
decision_type=2 2 2 2 2 2 2 2 2 2 2 2 2
left_child=5 2 3 -2 -4 9 12 8 -3 11 -9 -1 -7
right_child=1 7 4 -5 -6 6 -8 10 -10 -11 -12 -13 -14
leaf_value=-0.050088399190561544 0.047598822681824027 0.052822422321286477 0.0072049613128519763 -0.05077748340152332 -0.062867570555090693 -0.050154350965430465 0.05194359834635115 0.050661254786816989 0.050328769019827024 -0.051709436103538675 0.050102628823764386 -0.050031988057502454 -0.050020147990757928
leaf_weight=1.2508948112063079 0.78882975003216449 0.15183204319328047 2.1676290287359739 0.11864837025495945 0.17475320585072029 0.0022241817496250196 0.017805473878979683 0.11977579863741994 0.18102271796669811 0.031286181911127531 0.7224454915849492 0.62725003905507026 0.014132763280940708
leaf_count=8717 46 19 459 313 4 10 2 47 80 34 360 10817 240
internal_value=3.32021e-10 0.0215934 0.0111248 0.0347366 0.00197721 -0.0491611 0.00311468 0.0505458 0.0514663 -0.0500964 0.0501821 -0.0500696 -0.0500384
internal_weight=6.36853 4.42494 3.24986 0.907478 2.34238 1.94359 0.0341624 1.17508 0.332855 1.90943 0.842221 1.87814 0.0163569
internal_count=21148 1328 822 359 463 19820 252 506 99 19568 407 19534 250
is_linear=0
shrinkage=0.05


Tree=72
num_leaves=15
num_cat=0
split_feature=9 0 2 13 16 0 13 0 5 16 18 16 6 5
split_gain=2.45304 0.518659 0.258959 0.366072 0.0718792 0.000154919 0.000175498 1.22148e-05 4.34469e-07 1.23671e-07 1.97877e-07 1.49139e-07 3.24866e-08 6.35208e-08
threshold=1.0000000180025095e-35 0.66704505681991588 0.50321573019027721 0.53726795315742504 266.03240966796881 0.72845035791397106 0.59033319354057323 0.74482440948486339 0.26810486614704138 302.08424377441412 1.0926896929740908 1576.4180908203127 29.500000000000004 0.35685303807258612
decision_type=2 2 2 2 2 2 2 2 2 2 2 2 2 2
left_child=8 2 4 -4 -2 6 -3 -7 9 10 -1 -11 -10 -14
right_child=1 5 3 -5 -6 7 -8 -9 12 11 -12 -13 13 -15
leaf_value=-0.050212387768522618 0.043132591299568708 0.052792703416744795 0.060157162615962767 0.0074701737433085329 -0.049599767587451188 0.050673232012811535 0.050446197002337934 0.050099960192294547 -0.05002166834336276 -0.050061116779629447 -0.050093872041745938 -0.050124980222825757 -0.050086038077692518 -0.050024721819128308
leaf_weight=0.038553340345970133 0.023208717931993639 0.14360505400691159 0.38002415915252674 2.4889200551479007 0.20978065410599811 0.10846683278214186 0.17901527637150139 0.64825548103544861 0.38179035219400237 0.61406983402048354 0.40728226684223046 0.10740680726303253 0.066979035073018167 0.11434768890103442
leaf_count=64 10 19 36 255 555 47 82 360 8081 5979 2210 714 615 2121
internal_value=-7.53832e-10 0.0207199 0.0103322 0.0144492 -0.0403624 0.0505733 0.0514907 0.0501821 -0.050066 -0.0500834 -0.0501041 -0.0500706 -0.0500299 -0.0500474
internal_weight=5.91171 4.18128 3.10193 2.86894 0.232989 1.07934 0.32262 0.756722 1.73043 1.16731 0.445836 0.721477 0.563117 0.181327
internal_count=21148 1364 856 291 565 508 101 407 19784 8967 2274 6693 10817 2736
is_linear=0
shrinkage=0.05


Tree=73
num_leaves=15
num_cat=0
split_feature=9 0 9 18 2 0 13 0 5 16 18 16 6 5
split_gain=2.22302 0.483742 0.23314 0.34353 0.279868 0.000136269 0.00014849 1.10118e-05 3.59776e-07 1.0126e-07 1.64101e-07 1.26079e-07 2.79343e-08 5.33933e-08
threshold=1.0000000180025095e-35 0.66704505681991588 16.500000000000004 1.1415238380432131 0.51527813076972973 0.72845035791397106 0.59033319354057323 0.74482440948486339 0.26810486614704138 302.08424377441412 1.0926896929740908 1576.4180908203127 29.500000000000004 0.35685303807258612
decision_type=2 2 2 2 2 2 2 2 2 2 2 2 2 2
left_child=8 2 3 -2 -4 6 -3 -7 9 10 -1 -11 -10 -14
right_child=1 5 4 -5 -6 7 -8 -9 12 11 -12 -13 13 -15
leaf_value=-0.050200469853208973 -0.021416729436005161 0.052691085886630046 -0.040515104669571672 0.051200556540047973 0.0090972405772280964 0.050669882510666925 0.050445267777994865 0.050099108721719125 -0.050019905054981245 -0.050057902428270851 -0.050088854345904821 -0.050118994489386615 -0.050081645201475566 -0.050022815796865995
leaf_weight=0.036076610267627762 0.22039638514252224 0.13482944527640928 0.33831339784592307 0.62390158195557888 1.7790783157397525 0.098820671904832125 0.16207914974074811 0.58322819881141186 0.34158136967744201 0.56333000629820162 0.37765527693954937 0.09934604705995298 0.061918155155581189 0.10227861244311498
leaf_count=64 240 19 325 153 138 47 82 360 8081 5979 2210 714 615 2121
internal_value=-7.40562e-11 0.0201004 0.0100287 0.0322445 0.00117026 0.050571 0.0514651 0.0501818 -0.0500628 -0.0500792 -0.0500986 -0.0500671 -0.0500281 -0.050045
internal_weight=5.52283 3.94065 2.96169 0.844298 2.11739 0.978957 0.296909 0.682049 1.58219 1.07641 0.413732 0.662676 0.505778 0.164197
internal_count=21148 1364 856 393 463 508 101 407 19784 8967 2274 6693 10817 2736
is_linear=0
shrinkage=0.05


Tree=74
num_leaves=15
num_cat=0
split_feature=9 0 2 13 16 0 13 0 5 16 18 16 6 5
split_gain=2.02281 0.445446 0.214487 0.335815 0.0621656 0.000115047 0.000122341 8.69672e-06 3.00037e-07 8.79159e-08 1.33152e-07 1.06624e-07 2.293e-08 4.32798e-08
threshold=1.0000000180025095e-35 0.66704505681991588 0.50321573019027721 0.53726795315742504 266.03240966796881 0.72845035791397106 0.59033319354057323 0.74482440948486339 0.26927007734775549 302.08424377441412 1.0926896929740908 1576.4180908203127 29.500000000000004 0.35685303807258612
decision_type=2 2 2 2 2 2 2 2 2 2 2 2 2 2
left_child=8 2 4 -4 -2 6 -3 -7 9 10 -1 -11 -10 -14
right_child=1 5 3 -5 -6 7 -8 -9 12 11 -12 -13 13 -15
leaf_value=-0.050188908472119965 0.042366673467162261 0.052566788285939116 0.059697754612146194 0.0067378465617842697 -0.048868025367283699 0.050631955296079161 0.050435925615640025 0.050097990465518986 -0.05001828815605544 -0.050054670233936609 -0.05008490198390763 -0.050112890344817189 -0.050077266080433717 -0.050021283409647857
leaf_weight=0.033696167782181652 0.020796013472136887 0.12425972498022009 0.34500601005856912 2.2607418237821548 0.18272961064940318 0.089208795223385096 0.14710261218715459 0.52516158716753125 0.30282839248502569 0.5183900563424686 0.3546966581743618 0.092704224174667615 0.055354977970637265 0.091740242081868928
leaf_count=64 10 19 36 255 555 47 82 360 8012 6036 2227 719 605 2121
internal_value=-8.34567e-10 0.0196367 0.00988869 0.0137498 -0.0395458 0.0505542 0.0514117 0.0501755 -0.0500601 -0.0500753 -0.0500939 -0.0500635 -0.0500262 -0.0500424
internal_weight=5.14442 3.69501 2.80927 2.60575 0.203526 0.885733 0.271362 0.61437 1.44941 0.999487 0.388393 0.611094 0.449924 0.147095
internal_count=21148 1364 856 291 565 508 101 407 19784 9046 2291 6755 10738 2726
is_linear=0
shrinkage=0.05


Tree=75
num_leaves=15
num_cat=0
split_feature=9 0 9 5 13 0 13 0 5 16 18 16 6 5
split_gain=1.83639 0.415299 0.233388 0.305125 0.254221 0.000100762 0.000103117 7.80167e-06 2.48352e-07 7.18837e-08 1.10691e-07 9.01331e-08 1.97669e-08 3.62103e-08
threshold=1.0000000180025095e-35 0.66704505681991588 16.500000000000004 0.12912064790725711 0.53726795315742504 0.72845035791397106 0.59033319354057323 0.74482440948486339 0.26927007734775549 302.08424377441412 1.0926896929740908 1576.4180908203127 29.500000000000004 0.35685303807258612
decision_type=2 2 2 2 2 2 2 2 2 2 2 2 2 2
left_child=8 2 3 -2 -4 6 -3 -7 9 10 -1 -11 -10 -14
right_child=1 5 4 -5 -6 7 -8 -9 12 11 -12 -13 13 -15
leaf_value=-0.050178446152628044 0.044705743440905082 0.052469143948182112 0.036026306482311136 -0.050617451254628403 -0.0090196335280923676 0.050627316166701068 0.050434142518296858 0.050097298546731263 -0.05001684399897053 -0.050051897382790859 -0.050080422128062602 -0.050107549741228413 -0.050073448685626104 -0.050019830978896555
leaf_weight=0.031559874420054035 0.67444393597543317 0.11675006599398319 0.39439875118841872 0.095885072230885271 1.521591894663288 0.081376388319768012 0.13335381692741066 0.4729413774330169 0.27119535406927753 0.47623159470276732 0.32929262558354822 0.085872925568764913 0.05102631107547495 0.082239097024285002
leaf_count=64 51 19 116 342 347 47 82 360 8012 6036 2227 719 605 2121
internal_value=5.79468e-10 0.0190352 0.00959774 0.0328406 0.000252887 0.050551 0.0513841 0.0501751 -0.0500573 -0.0500716 -0.050089 -0.0500604 -0.0500246 -0.0500404
internal_weight=4.81816 3.49074 2.68632 0.770329 1.91599 0.804422 0.250104 0.554318 1.32742 0.922957 0.360853 0.562105 0.404461 0.133265
internal_count=21148 1364 856 393 463 508 101 407 19784 9046 2291 6755 10738 2726
is_linear=0
shrinkage=0.05


Tree=76
num_leaves=15
num_cat=0
split_feature=9 0 9 5 16 0 13 0 5 16 18 16 6 5
split_gain=1.68608 0.380825 0.207776 0.276075 0.225158 9.06912e-05 8.93922e-05 7.72039e-06 2.15267e-07 6.20539e-08 9.61043e-08 8.08259e-08 1.81539e-08 3.19884e-08
threshold=1.0000000180025095e-35 0.66704505681991588 16.500000000000004 0.094373971223831191 444.40925598144537 0.72845035791397106 0.59033319354057323 0.74482440948486339 0.26927007734775549 302.08424377441412 1.0926896929740908 1576.4180908203127 29.500000000000004 0.35685303807258612
decision_type=2 2 2 2 2 2 2 2 2 2 2 2 2 2
left_child=8 2 3 -2 -4 6 -3 -7 9 10 -1 -11 -10 -14
right_child=1 5 4 -5 -6 7 -8 -9 12 11 -12 -13 13 -15
leaf_value=-0.05017123548135425 0.053077064668870202 0.052406903199968324 0.022378184371366763 -0.014045691952632784 -0.013559785945244382 0.050646251046844497 0.050438070375348011 0.050093717340920565 -0.050015612345137551 -0.050050022382334837 -0.05007767153369002 -0.050104560432551307 -0.050071286915101168 -0.050018680396903249
leaf_weight=0.030099494222667778 0.49655274045653719 0.10989102534949768 0.71983859084139101 0.22153338649877696 1.1046606700692789 0.074279817403294146 0.12128219526493922 0.42464351805392653 0.24289215171302203 0.43846356076210213 0.31122239346041169 0.080390114624606213 0.047526814311822818 0.0737199270115525
leaf_count=64 39 19 84 354 379 47 82 360 8012 6036 2227 719 605 2121
internal_value=-7.95935e-11 0.0187259 0.00958618 0.0323693 0.000619194 0.0505553 0.051374 0.050176 -0.0500557 -0.0500694 -0.0500859 -0.0500585 -0.0500235 -0.0500393
internal_weight=4.497 3.27268 2.54259 0.718086 1.8245 0.730097 0.231173 0.498923 1.22431 0.860176 0.341322 0.518854 0.364139 0.121247
internal_count=21148 1364 856 393 463 508 101 407 19784 9046 2291 6755 10738 2726
is_linear=0
shrinkage=0.05


Tree=77
num_leaves=15
num_cat=0
split_feature=9 0 2 13 16 0 13 0 5 16 16 18 6 5
split_gain=1.53354 0.352971 0.19946 0.280752 0.0505564 7.99798e-05 7.50148e-05 6.24937e-06 1.75992e-07 4.40005e-08 7.18855e-08 6.75362e-08 1.63173e-08 2.76634e-08
threshold=1.0000000180025095e-35 0.66704505681991588 0.50321573019027721 0.53726795315742504 266.03240966796881 0.72845035791397106 0.59033319354057323 0.74482440948486339 0.26927007734775549 1576.4180908203127 302.08424377441412 1.0973996520042422 29.500000000000004 0.35685303807258612
decision_type=2 2 2 2 2 2 2 2 2 2 2 2 2 2
left_child=8 2 4 -4 -2 6 -3 -7 9 10 -1 -11 -10 -14
right_child=1 5 3 -5 -6 7 -8 -9 12 11 -12 -13 13 -15
leaf_value=-0.05008011039618402 0.042090464660781673 0.052323968078641869 0.05890604074047328 0.0065311167312781847 -0.049827210126015702 0.050617105554012443 0.050445812403022733 0.050094692766902128 -0.050014433432173981 -0.0501280791183982 -0.050048210118094884 -0.050015806325549361 -0.050068579040409837 -0.050017532308939364
leaf_weight=0.31304282595920063 0.016473369643791425 0.10240058659110207 0.29471418673347249 1.941198525499203 0.16278908843014506 0.067312851781025529 0.11057192017324269 0.38279872853308916 0.21738104617452336 0.058165034961348283 0.40517983660356549 0.017401924478690489 0.044356159374729032 0.066078621363885759
leaf_count=2291 10 19 36 255 555 47 82 360 8012 223 6036 496 605 2121
internal_value=1.33419e-10 0.0182376 0.00936606 0.0134346 -0.0413804 0.0505505 0.0513489 0.0501728 -0.0500532 -0.0500659 -0.0500621 -0.0501022 -0.0500224 -0.050038
internal_weight=4.19986 3.07826 2.41518 2.23591 0.179262 0.663084 0.212973 0.450112 1.12161 0.79379 0.718223 0.075567 0.327816 0.110435
internal_count=21148 1364 856 291 565 508 101 407 19784 9046 8327 719 10738 2726
is_linear=0
shrinkage=0.05


Tree=78
num_leaves=15
num_cat=0
split_feature=9 0 9 5 13 0 13 0 5 18 18 16 6 5
split_gain=1.3955 0.328998 0.206458 0.241917 0.203222 6.97645e-05 6.29702e-05 5.58497e-06 1.45078e-07 3.725e-08 9.30098e-08 3.29905e-08 1.40236e-08 2.30812e-08
threshold=1.0000000180025095e-35 0.66704505681991588 16.500000000000004 0.12912064790725711 0.9762801229953767 0.72845035791397106 0.59033319354057323 0.74482440948486339 0.26927007734775549 1.0809332728385928 1.0715434551239016 286.02973937988287 29.500000000000004 0.35685303807258612
decision_type=2 2 2 2 2 2 2 2 2 2 2 2 2 2
left_child=8 2 3 -2 -4 6 -3 -7 9 10 -1 -11 -10 -14
right_child=1 5 4 -5 -6 7 -8 -9 12 11 -12 -13 13 -15
leaf_value=-0.050062521993372182 0.044020711706732024 0.052232532189338578 0.0048146756386052529 -0.05052112118873138 -0.060359057734092149 0.050611297566229521 0.05044336375407879 0.050094257454632224 -0.0500133541704346 -0.050069280533279831 -0.050146883686513981 -0.050044783367853445 -0.050065235360940208 -0.050016433334250834
leaf_weight=0.13934646453890331 0.57594214717391956 0.096344336634501704 1.5291285262974268 0.076671947901559179 0.12975901085883368 0.061541382397990674 0.10045440483372658 0.34516342839924619 0.19478924318718782 0.25778698853719106 0.042679004267483833 0.29437780380067124 0.040958829977171263 0.059314570762580843
leaf_count=2153 51 19 459 342 4 47 82 360 8012 2121 135 4637 605 2121
internal_value=2.98161e-10 0.0176723 0.00908931 0.0329135 -0.000283246 0.0505464 0.0513193 0.0501725 -0.0500508 -0.0500627 -0.0500823 -0.0500562 -0.0500212 -0.0500364
internal_weight=3.94426 2.91501 2.3115 0.652614 1.65889 0.603504 0.196799 0.406705 1.02925 0.73419 0.182025 0.552165 0.295063 0.100273
internal_count=21148 1364 856 393 463 508 101 407 19784 9046 2288 6758 10738 2726
is_linear=0
shrinkage=0.05


Tree=79
num_leaves=15
num_cat=0
split_feature=9 0 9 18 2 0 13 0 5 18 18 16 6 5
split_gain=1.27368 0.305677 0.18294 0.224448 0.199164 6.43839e-05 5.55775e-05 5.53452e-06 1.20282e-07 3.20187e-08 7.67946e-08 2.75681e-08 1.22129e-08 1.94485e-08
threshold=1.0000000180025095e-35 0.66704505681991588 16.500000000000004 1.1415238380432131 0.51527813076972973 0.72845035791397106 0.59033319354057323 0.74482440948486339 0.26927007734775549 1.0809332728385928 1.0715434551239016 286.02973937988287 29.500000000000004 0.35685303807258612
decision_type=2 2 2 2 2 2 2 2 2 2 2 2 2 2
left_child=8 2 3 -2 -4 6 -3 -7 9 10 -1 -11 -10 -14
right_child=1 5 4 -5 -6 7 -8 -9 12 11 -12 -13 13 -15
leaf_value=-0.050059864140283683 -0.018963736123699729 0.052196157825812287 -0.040698728512230262 0.050315055376202317 0.0076712558627590943 0.05063152849587485 0.050454801025881235 0.050093082345439903 -0.05001235962510469 -0.050065857409311368 -0.050139167038820209 -0.05004259399129686 -0.050062249895576852 -0.050015425782550076
leaf_weight=0.12875165622790552 0.15815764632861906 0.091419567877892294 0.2531137638434301 0.44828423847502563 1.3366050094482487 0.05638923094375059 0.091864996938966215 0.31055771728279069 0.17447880799318227 0.24070302790642017 0.040015435039094882 0.27042744700520416 0.038014394986021216 0.053226684345645481
leaf_count=2153 240 19 325 153 138 47 82 360 8012 2121 135 4637 605 2121
internal_value=-1.59876e-11 0.0172324 0.00888287 0.0322474 -3.01747e-05 0.0505581 0.0513234 0.0501758 -0.0500486 -0.0500598 -0.0500787 -0.0500535 -0.0500201 -0.0500349
internal_weight=3.69201 2.74639 2.19616 0.606442 1.58972 0.550232 0.183285 0.366947 0.945617 0.679898 0.168767 0.51113 0.26572 0.0912411
internal_count=21148 1364 856 393 463 508 101 407 19784 9046 2288 6758 10738 2726
is_linear=0
shrinkage=0.05


Tree=80
num_leaves=15
num_cat=0
split_feature=9 0 9 5 13 0 13 0 5 18 18 16 6 5
split_gain=1.16508 0.281555 0.167949 0.206048 0.198682 5.40253e-05 4.57266e-05 4.40376e-06 9.98268e-08 2.63784e-08 6.29125e-08 2.43889e-08 1.06756e-08 1.64066e-08
threshold=1.0000000180025095e-35 0.66704505681991588 16.500000000000004 0.094373971223831191 0.53726795315742504 0.72845035791397106 0.59033319354057323 0.74482440948486339 0.26927007734775549 1.0809332728385928 1.0715434551239016 286.02973937988287 29.500000000000004 0.38062825798988348
decision_type=2 2 2 2 2 2 2 2 2 2 2 2 2 2
left_child=8 2 3 -2 -4 6 -3 -7 9 10 -1 -11 -10 -14
right_child=1 5 4 -5 -6 7 -8 -9 12 11 -12 -13 13 -15
leaf_value=-0.050057103545587567 0.052124780493646876 0.052090582875716974 0.03405293895966701 -0.013027827759300732 -0.0095179480661054059 0.050597118887386022 0.050441965264209833 0.050092374755588226 -0.050011490497277544 -0.050063099255366207 -0.050131463260503585 -0.050040401751678489 -0.050055063445577912 -0.050010620846670517
leaf_weight=0.11876796390697597 0.39215560548473227 0.08453254384221498 0.33574264441995172 0.17573092774364341 1.1854538981024232 0.051088113628793508 0.083711552375461906 0.28036346205044538 0.15653002352155454 0.22616248097892822 0.037402558747999137 0.2482772421080881 0.043114466880979307 0.04006279239183641
leaf_count=2153 39 19 116 354 347 47 82 360 8012 2121 135 4637 854 1872
internal_value=5.252e-11 0.0168251 0.00876057 0.0319635 9.85639e-05 0.0505406 0.0512703 0.0501702 -0.0500466 -0.0500571 -0.0500749 -0.0500512 -0.0500192 -0.0500337
internal_weight=3.4591 2.58878 2.08908 0.567887 1.5212 0.499696 0.168244 0.331452 0.870318 0.63061 0.156171 0.47444 0.239707 0.0831773
internal_count=21148 1364 856 393 463 508 101 407 19784 9046 2288 6758 10738 2726
is_linear=0
shrinkage=0.05


Tree=81
num_leaves=15
num_cat=0
split_feature=9 0 2 13 16 0 13 0 5 18 18 16 6 5
split_gain=1.07463 0.257634 0.173421 0.239869 0.0412294 4.52229e-05 3.56567e-05 3.6295e-06 8.58824e-08 2.37873e-08 5.39838e-08 2.12066e-08 9.73832e-09 1.44965e-08
threshold=1.0000000180025095e-35 0.66704505681991588 0.50321573019027721 0.53726795315742504 266.03240966796881 0.72845035791397106 0.59033319354057323 0.74482440948486339 0.26927007734775549 1.0809332728385928 1.0715434551239016 286.02973937988287 29.500000000000004 0.38062825798988348
decision_type=2 2 2 2 2 2 2 2 2 2 2 2 2 2
left_child=8 2 4 -4 -2 6 -3 -7 9 10 -1 -11 -10 -14
right_child=1 5 3 -5 -6 7 -8 -9 12 11 -12 -13 13 -15
leaf_value=-0.050055666398434097 0.041877086983613108 0.051970373980261636 0.058575484327676654 0.0058404560017992421 -0.050659143152077785 0.050570154167838527 0.050451892803791226 0.050089218249653948 -0.050010760028170481 -0.050060920848603724 -0.050126387396475902 -0.050039032720402922 -0.050053594172288975 -0.050009859466902097
leaf_weight=0.11106046461918628 0.013183192146243861 0.077897763956570887 0.24963017681147892 1.5833483354144844 0.1384640797659813 0.04643067077267915 0.076750760257709771 0.25293610338121653 0.1403155285424873 0.21434807808327605 0.035644477802634356 0.22876375738269417 0.040196607560574193 0.035842453703480714
leaf_count=2153 10 19 36 255 555 47 82 360 8012 2121 135 4637 854 1872
internal_value=3.08237e-10 0.0165442 0.00877107 0.0130223 -0.0426147 0.0505225 0.0512168 0.0501638 -0.0500455 -0.0500554 -0.0500728 -0.0500496 -0.0500186 -0.050033
internal_weight=3.24481 2.43864 1.98463 1.83298 0.151647 0.454015 0.154649 0.299367 0.806171 0.589817 0.146705 0.443112 0.216355 0.0760391
internal_count=21148 1364 856 291 565 508 101 407 19784 9046 2288 6758 10738 2726
is_linear=0
shrinkage=0.05


Tree=82
num_leaves=15
num_cat=0
split_feature=9 0 9 18 2 0 13 0 5 18 18 16 6 5
split_gain=0.981378 0.23994 0.16604 0.184597 0.159928 3.92097e-05 2.97572e-05 3.22286e-06 7.04736e-08 2.04666e-08 4.44213e-08 1.74355e-08 8.34931e-09 1.21309e-08
threshold=1.0000000180025095e-35 0.66704505681991588 16.500000000000004 1.1231147646903994 0.51527813076972973 0.72845035791397106 0.59033319354057323 0.74482440948486339 0.26927007734775549 1.0809332728385928 1.0715434551239016 286.02973937988287 29.500000000000004 0.38062825798988348
decision_type=2 2 2 2 2 2 2 2 2 2 2 2 2 2
left_child=8 2 3 -2 -4 6 -3 -7 9 10 -1 -11 -10 -14
right_child=1 5 4 -5 -6 7 -8 -9 12 11 -12 -13 13 -15
leaf_value=-0.050053216439697457 -0.042357041188601299 0.051889297811476554 -0.039876397627636652 0.044455625918137807 0.0068184419804177112 0.050562761990435995 0.050447870070554457 0.050088870581007763 -0.050010026621273268 -0.050057731407687656 -0.050119607525928013 -0.050037120234115599 -0.050051111868427048 -0.050009144898033792
leaf_weight=0.10264696347530877 0.070909567888520875 0.073372633894905337 0.21770467634269142 0.44881897150116856 1.162681683184928 0.042561476060654968 0.069931040867231786 0.22846072632819414 0.12585210547877068 0.19959847003610776 0.033390597597644955 0.21114544162810489 0.037120465559382865 0.032118524523866654
leaf_count=2153 207 19 325 186 138 47 82 360 8012 2121 135 4637 854 1872
internal_value=5.8289e-10 0.016041 0.00852338 0.0326113 -0.000545935 0.050517 0.0511859 0.0501633 -0.0500435 -0.0500527 -0.0500695 -0.0500471 -0.0500177 -0.0500316
internal_weight=3.05631 2.31444 1.90011 0.519729 1.38039 0.414326 0.143304 0.271022 0.741873 0.546781 0.136038 0.410744 0.195091 0.069239
internal_count=21148 1364 856 393 463 508 101 407 19784 9046 2288 6758 10738 2726
is_linear=0
shrinkage=0.05


Tree=83
num_leaves=15
num_cat=0
split_feature=9 0 9 5 13 0 13 0 5 18 18 16 6 5
split_gain=0.900441 0.221417 0.152224 0.175028 0.160091 3.24332e-05 2.5042e-05 3.17866e-06 5.8398e-08 1.68266e-08 3.64781e-08 1.54358e-08 7.29973e-09 1.03067e-08
threshold=1.0000000180025095e-35 0.66704505681991588 16.500000000000004 0.12912064790725711 0.53726795315742504 0.72845035791397106 0.59033319354057323 0.74482440948486339 0.26927007734775549 1.0809332728385928 1.0715434551239016 286.02973937988287 29.500000000000004 0.38062825798988348
decision_type=2 2 2 2 2 2 2 2 2 2 2 2 2 2
left_child=8 2 3 -2 -4 6 -3 -7 9 10 -1 -11 -10 -14
right_child=1 5 4 -5 -6 7 -8 -9 12 11 -12 -13 13 -15
leaf_value=-0.050050790008860063 0.043138992586475161 0.05180287283042681 0.032132751838376418 -0.050426980259246773 -0.0097098003263410403 0.050580009696384556 0.050424138178186043 0.050088012073287294 -0.050009366696456239 -0.050055375461186186 -0.05011307416640929 -0.050035276667817929 -0.050049021675976295 -0.050008492983028265
leaf_weight=0.094915508599115461 0.43086793052498285 0.068335977848619112 0.29396647636167461 0.056540691901318496 1.0279973160140796 0.039038041315507144 0.063572751038009301 0.20640482069575228 0.11296433722600341 0.18789345849836536 0.031247193885064917 0.19432560814220778 0.03447575700829475 0.028783792525246099
leaf_count=2153 51 19 116 342 347 47 82 360 8012 2121 135 4637 854 1872
internal_value=-4.16376e-10 0.0156668 0.00840089 0.0322851 -0.000405228 0.0505061 0.0511384 0.0501663 -0.0500418 -0.0500504 -0.0500662 -0.0500452 -0.050017 -0.0500306
internal_weight=2.87133 2.18672 1.80937 0.487409 1.32196 0.377352 0.131909 0.245443 0.684606 0.508382 0.126163 0.382219 0.176224 0.0632595
internal_count=21148 1364 856 393 463 508 101 407 19784 9046 2288 6758 10738 2726
is_linear=0
shrinkage=0.05


Tree=84
num_leaves=15
num_cat=0
split_feature=9 0 2 13 16 0 13 13 5 18 18 16 6 5
split_gain=0.833388 0.203728 0.152607 0.204075 0.0352307 2.90519e-05 2.4186e-05 1.54658e-06 4.99404e-08 1.51092e-08 3.13209e-08 1.33299e-08 6.63155e-09 9.04652e-09
threshold=1.0000000180025095e-35 0.66704505681991588 0.50321573019027721 0.53726795315742504 266.03240966796881 0.74482440948486339 0.59033319354057323 0.47771476209163671 0.26927007734775549 1.0809332728385928 1.0715434551239016 286.02973937988287 29.500000000000004 0.38062825798988348
decision_type=2 2 2 2 2 2 2 2 2 2 2 2 2 2
left_child=8 2 4 -4 -2 6 -3 -7 9 10 -1 -11 -10 -14
right_child=1 5 3 -5 -6 7 -8 -9 12 11 -12 -13 13 -15
leaf_value=-0.050049485094161822 0.04163536387664224 0.051590621443070785 0.057914843715702269 0.0055880094933865891 -0.050900597328218888 0.050413043648662219 0.05035457745583391 0.050021621442163017 -0.050008843498249259 -0.050053446833670814 -0.050108715313067459 -0.050034148676587488 -0.050047710465642214 -0.050007975543686613
leaf_weight=0.088972583017494222 0.01123563795408733 0.083698458911385276 0.21562138346780546 1.3715789160050915 0.12167657582995162 0.030119168572127819 0.075075382890645415 0.15565741751925088 0.10136464180914118 0.17831434244271804 0.029793655976391165 0.1796186790588763 0.032213708185736323 0.02579434520976065
leaf_count=2153 10 33 36 255 555 37 115 323 8012 2121 135 4637 854 1872
internal_value=5.55399e-10 0.0154163 0.00838693 0.0126966 -0.0430781 0.0505095 0.0510062 0.0500851 -0.0500408 -0.0500489 -0.0500643 -0.0500438 -0.0500166 -0.05003
internal_weight=2.70073 2.06466 1.72011 1.5872 0.132912 0.34455 0.158774 0.185777 0.636072 0.476699 0.118766 0.357933 0.159373 0.0580081
internal_count=21148 1364 856 291 565 508 148 360 19784 9046 2288 6758 10738 2726
is_linear=0
shrinkage=0.05


Tree=85
num_leaves=15
num_cat=0
split_feature=9 0 9 5 16 0 13 13 5 18 18 16 6 5
split_gain=0.762928 0.189822 0.148516 0.149791 0.133025 2.51999e-05 2.02682e-05 1.37277e-06 4.08171e-08 1.29673e-08 2.57973e-08 1.0924e-08 5.67025e-09 7.54765e-09
threshold=1.0000000180025095e-35 0.66704505681991588 16.500000000000004 0.12912064790725711 444.40925598144537 0.74482440948486339 0.59033319354057323 0.47771476209163671 0.26927007734775549 1.0809332728385928 1.0715434551239016 286.02973937988287 29.500000000000004 0.38062825798988348
decision_type=2 2 2 2 2 2 2 2 2 2 2 2 2 2
left_child=8 2 3 -2 -4 6 -3 -7 9 10 -1 -11 -10 -14
right_child=1 5 4 -5 -6 7 -8 -9 12 11 -12 -13 13 -15
leaf_value=-0.050047291023179168 0.04283513875818605 0.051528071955304344 0.019705524572634203 -0.050379655893998343 -0.0143713222667922 0.050406556254252693 0.050351393235369857 0.05002126611660597 -0.050008291498362889 -0.050050644159482127 -0.050102899162788789 -0.050032512659561962 -0.050045505839894533 -0.050007441376670708
leaf_weight=0.082394516287422781 0.39861271769041184 0.078704377578105666 0.47123375975570503 0.048322479774469684 0.73009457135049161 0.027677384990965948 0.068402631586650386 0.14035609998973086 0.090986064269145572 0.16622211990670621 0.027924827951210318 0.16606577305810788 0.029803490354424866 0.023129998346576031
leaf_count=2153 51 33 84 342 379 37 115 323 8012 2121 135 4637 854 1872
internal_value=-1.1624e-10 0.0149481 0.00815018 0.0327568 -0.00100432 0.0505031 0.0509809 0.0500847 -0.050039 -0.0500465 -0.0500614 -0.0500416 -0.0500159 -0.0500289
internal_weight=2.54993 1.9634 1.64826 0.446935 1.20133 0.31514 0.147107 0.168033 0.586527 0.442607 0.110319 0.332288 0.14392 0.0529335
internal_count=21148 1364 856 393 463 508 148 360 19784 9046 2288 6758 10738 2726
is_linear=0
shrinkage=0.05


Tree=86
num_leaves=13
num_cat=0
split_feature=9 2 13 13 16 5 2 9 17 9 5 17
split_gain=0.700103 0.170855 0.166591 0.206509 0.0312392 0.0247461 0.0169501 0.0091858 0.00427896 5.18338e-06 3.33951e-08 1.00773e-09
threshold=1.5000000000000002 0.50321573019027721 0.53726795315742504 0.54846587777137767 266.03240966796881 0.050660187378525741 0.70235460996627819 1.0000000180025095e-35 337798.50000000006 1.0000000180025095e-35 0.26927007734775549 176685.00000000003
decision_type=2 2 2 2 2 2 2 2 2 2 2 2
left_child=6 4 8 -4 -2 -6 9 11 -3 10 -1 -8
right_child=1 2 3 -5 5 -7 7 -9 -10 -11 -12 -13
leaf_value=-0.050044493538988655 0.041739022754147821 0.050227768573178892 -0.047220933694400002 0.01834107321377362 0.050245763067116027 -0.055905990857692482 -0.050063669694857683 0.051017115216742542 0.063202970212994772 -0.051029641048955202 -0.050015406239461171 -0.05000449008025773
leaf_weight=0.40741069626255955 0.010050506811239646 0.13972902721434355 0.13201714630122285 1.3315392757431253 0.0057942852727137497 0.10463159873506811 0.0010225857758996426 0.0064698755741119385 0.11653226986527443 0.013493572552761179 0.13021582301598755 0.0024258159928649548
leaf_count=8796 12 102 38 618 2 554 30 2 2 34 10738 220
internal_value=-1.82698e-10 0.0149066 0.0189388 0.0124272 -0.0426548 -0.050336 -0.0488959 0.0158877 0.0561281 -0.0500617 -0.0500374 -0.050022
internal_weight=2.40133 1.84029 1.71982 1.46356 0.120476 0.110426 0.561038 0.00991828 0.256261 0.55112 0.537627 0.0034484
internal_count=21148 1328 760 656 568 556 19820 252 104 19568 19534 250
is_linear=0
shrinkage=0.05


Tree=87
num_leaves=15
num_cat=0
split_feature=9 0 9 18 2 0 13 13 5 18 18 16 6 5
split_gain=0.643202 0.17117 0.141878 0.135236 0.11831 2.25916e-05 1.79099e-05 1.20683e-06 2.67804e-08 9.75696e-09 1.6456e-08 6.37206e-09 4.01094e-09 5.20243e-09
threshold=1.0000000180025095e-35 0.66704505681991588 16.500000000000004 1.1231147646903994 0.51527813076972973 0.74482440948486339 0.59033319354057323 0.47771476209163671 0.26927007734775549 1.0809332728385928 1.0715434551239016 1106.6054687500002 29.500000000000004 0.38062825798988348
decision_type=2 2 2 2 2 2 2 2 2 2 2 2 2 2
left_child=8 2 3 -2 -4 6 -3 -7 9 10 -1 -11 -10 -14
right_child=1 5 4 -5 -6 7 -8 -9 12 11 -12 -13 13 -15
leaf_value=-0.05004319933719651 -0.042457009312653698 0.051513594867657247 -0.040111102582637982 0.043557680119793774 0.0051951291721552464 0.05041116688800612 0.050341074583464478 0.050020158521716651 -0.050007335722219874 -0.050039610103534575 -0.050090862080281198 -0.050017172870003027 -0.050040956377600837 -0.050006555939897591
leaf_weight=0.072204849005629845 0.052394681918485619 0.07352303378866043 0.17125740079336516 0.35746805899634637 0.90847711231617723 0.023687970009632409 0.058466797578148544 0.11822392421890981 0.075661089697860007 0.24714718758514209 0.024171993451091112 0.036289592599132448 0.025627867548337235 0.019242776565988606
leaf_count=2153 207 33 325 186 138 37 115 323 8012 5149 135 1609 854 1872
internal_value=-6.15146e-10 0.0141961 0.00751632 0.032562 -0.00199092 0.0505234 0.0509942 0.0500854 -0.0500349 -0.0500414 -0.0500552 -0.0500367 -0.0500144 -0.0500262
internal_weight=2.26384 1.7635 1.4896 0.409863 1.07973 0.273902 0.13199 0.141912 0.500345 0.379814 0.0963768 0.283437 0.120532 0.0448706
internal_count=21148 1364 856 393 463 508 148 360 19784 9046 2288 6758 10738 2726
is_linear=0
shrinkage=0.05


Tree=88
num_leaves=15
num_cat=0
split_feature=9 0 9 13 5 0 13 13 5 18 18 16 6 5
split_gain=0.59284 0.158064 0.133085 0.117982 0.112582 1.93363e-05 1.55257e-05 1.06932e-06 2.21448e-08 8.03737e-09 1.35737e-08 5.54253e-09 3.50666e-09 4.41672e-09
threshold=1.0000000180025095e-35 0.66704505681991588 15.500000000000002 0.9762801229953767 0.13170507550239566 0.74482440948486339 0.59033319354057323 0.47771476209163671 0.26927007734775549 1.0809332728385928 1.0715434551239016 286.02973937988287 29.500000000000004 0.38062825798988348
decision_type=2 2 2 2 2 2 2 2 2 2 2 2 2 2
left_child=8 2 4 -4 -2 6 -3 -7 9 10 -1 -11 -10 -14
right_child=1 5 3 -5 -6 7 -8 -9 12 11 -12 -13 13 -15
leaf_value=-0.050041271852843273 0.050395854203866712 0.051459963062377934 0.0044432580947380926 -0.057398383841155087 -0.050352039129971521 0.050402717439799051 0.050322014255715343 0.050019053118733003 -0.050006920730720807 -0.050042439347506074 -0.050086029980022262 -0.050027966887795011 -0.050039339588930254 -0.050006146002837482
leaf_weight=0.06700619834919086 0.24136515252757806 0.068715180503204354 1.0644128103813271 0.083149538841098436 0.031328475369264197 0.021891517651965842 0.053165124787483364 0.10657781347981654 0.067999375738509116 0.13347866578897083 0.022670355322588875 0.13116179960343288 0.02388562531223215 0.017265323131596233
leaf_count=2153 28 33 560 4 264 37 115 323 8012 2121 135 4637 854 1872
internal_value=-2.22998e-11 0.0138806 0.00742342 -3.76348e-05 0.0388214 0.0505124 0.0509636 0.0500844 -0.0500336 -0.0500397 -0.0500526 -0.0500353 -0.0500139 -0.0500254
internal_weight=2.13407 1.67061 1.42026 1.14756 0.272694 0.25035 0.12188 0.128469 0.463467 0.354317 0.0896766 0.26464 0.10915 0.0411509
internal_count=21148 1364 856 564 292 508 148 360 19784 9046 2288 6758 10738 2726
is_linear=0
shrinkage=0.05


Tree=89
num_leaves=15
num_cat=0
split_feature=9 0 9 5 13 0 13 13 5 18 18 16 6 5
split_gain=0.545484 0.146803 0.118704 0.117606 0.115048 1.68418e-05 1.27996e-05 9.38769e-07 1.81045e-08 6.85851e-09 1.12229e-08 4.58461e-09 3.01177e-09 3.69322e-09
threshold=1.0000000180025095e-35 0.66704505681991588 16.500000000000004 0.094373971223831191 0.53726795315742504 0.74482440948486339 0.59033319354057323 0.47771476209163671 0.26927007734775549 1.0809332728385928 1.0715434551239016 1106.6054687500002 29.500000000000004 0.38062825798988348
decision_type=2 2 2 2 2 2 2 2 2 2 2 2 2 2
left_child=8 2 3 -2 -4 6 -3 -7 9 10 -1 -11 -10 -14
right_child=1 5 4 -5 -6 7 -8 -9 12 11 -12 -13 13 -15
leaf_value=-0.050039456906233362 0.050985520096090337 0.051404733577766086 0.029339652057452932 -0.010921492684520478 -0.010938307536549717 0.050393952578826944 0.050332192730804727 0.050018769747015204 -0.050006524561649293 -0.050036167465572462 -0.050081516938811146 -0.050015522990170869 -0.050037587168389519 -0.050005765953729645
leaf_weight=0.062253469230200031 0.24875186051940523 0.064267380148521513 0.23068431382671406 0.11092710370121495 0.76596242542473192 0.020174355828203261 0.049045195541111752 0.096066767160664313 0.061046657016959216 0.21586211282783552 0.021282073451402539 0.03071990211492448 0.02217757216044447 0.015484792072129494
leaf_count=2153 39 33 116 354 347 37 115 323 8012 5149 135 1609 854 1872
internal_value=-8.02131e-11 0.0135289 0.00727046 0.031893 -0.00161555 0.0505067 0.0509405 0.0500839 -0.0500322 -0.0500378 -0.0500502 -0.0500336 -0.0500134 -0.0500245
internal_weight=2.01471 1.58588 1.35633 0.359679 0.996647 0.229554 0.113313 0.116241 0.428827 0.330118 0.0835355 0.246582 0.098709 0.0376624
internal_count=21148 1364 856 393 463 508 148 360 19784 9046 2288 6758 10738 2726
is_linear=0
shrinkage=0.05


Tree=90
num_leaves=13
num_cat=0
split_feature=9 2 13 9 16 5 2 9 17 9 5 17
split_gain=0.507697 0.146328 0.13844 0.168083 0.0251293 0.0174892 0.0138455 0.00658021 0.00250363 3.08722e-06 1.55318e-08 3.09773e-10
threshold=1.5000000000000002 0.50321573019027721 0.53726795315742504 15.500000000000002 266.03240966796881 0.050660187378525741 0.70235460996627819 1.0000000180025095e-35 337798.50000000006 1.0000000180025095e-35 0.26927007734775549 183370.50000000003
decision_type=2 2 2 2 2 2 2 2 2 2 2 2
left_child=6 4 8 -4 -2 -6 9 11 -3 10 -1 -8
right_child=1 2 3 -5 5 -7 7 -9 -10 -11 -12 -13
leaf_value=-0.050036845706931787 0.041185518289911287 0.050405963643357234 0.050891825986039009 0.0022508631713954344 0.050198998144500753 -0.055710165914136051 -0.050039514727670577 0.050860693434969108 0.061395367668759297 -0.050892300929790496 -0.050013191380511329 -0.050003120286017166
leaf_weight=0.30836503306136376 0.0079910734202711664 0.11243051182827901 0.21804244266240835 0.95769904059852706 0.0040734042413532725 0.090523652915635466 0.001045889287524914 0.0050762309692800045 0.09615057148039341 0.010696575305701117 0.089549699807548677 0.001325853211710637
leaf_count=8796 12 102 72 584 2 554 70 2 2 34 10738 180
internal_value=-1.55627e-11 0.0136613 0.0179312 0.0112714 -0.0439572 -0.0511497 -0.0488226 0.0187364 0.0554718 -0.0500541 -0.0500315 -0.0500192
internal_weight=1.90297 1.48691 1.38432 1.17574 0.102588 0.0945971 0.416059 0.00744797 0.208581 0.408611 0.397915 0.00237174
internal_count=21148 1328 760 656 568 556 19820 252 104 19568 19534 250
is_linear=0
shrinkage=0.05


Tree=91
num_leaves=13
num_cat=0
split_feature=9 2 13 9 16 5 2 9 17 9 5 5
split_gain=0.473788 0.134931 0.12554 0.154253 0.0223272 0.0154696 0.0129804 0.00618796 0.00236897 2.59954e-06 1.30889e-08 2.37492e-10
threshold=1.5000000000000002 0.50321573019027721 0.53726795315742504 15.500000000000002 266.03240966796881 0.050660187378525741 0.70235460996627819 1.0000000180025095e-35 337798.50000000006 1.0000000180025095e-35 0.26927007734775549 0.044643372297286994
decision_type=2 2 2 2 2 2 2 2 2 2 2 2
left_child=6 4 8 -4 -2 -6 9 11 -3 10 -1 -8
right_child=1 2 3 -5 5 -7 7 -9 -10 -11 -12 -13
leaf_value=-0.050035023740543798 0.039915907192232196 0.049679746609019346 0.050457545517032076 0.0024177504171114176 0.050177806872763776 -0.055406840433432886 -0.050035566423840827 0.050822920318530196 0.060752704691267437 -0.050845488905359698 -0.050012547599506366 -0.050002894314783379
leaf_weight=0.28867486224226024 0.0073089862125924601 0.10530326518346544 0.20464162213465875 0.91081850695627509 0.0036185646022204301 0.083990077465387003 0.0010448573616486092 0.0047677892725914717 0.089235018938779831 0.010035413288278505 0.083513049930161287 0.0011893005012098001
leaf_count=8796 12 102 72 584 2 554 76 2 2 34 10738 174
internal_value=3.99324e-10 0.0135241 0.0176951 0.0112311 -0.0440414 -0.0510458 -0.0488155 0.0186469 0.0547589 -0.0500514 -0.05003 -0.0500182
internal_weight=1.79414 1.40492 1.31 1.11546 0.0949176 0.0876086 0.389225 0.00700195 0.194538 0.382223 0.372188 0.00223416
internal_count=21148 1328 760 656 568 556 19820 252 104 19568 19534 250
is_linear=0
shrinkage=0.05


Tree=92
num_leaves=15
num_cat=0
split_feature=9 0 2 13 16 0 13 16 5 16 16 18 6 5
split_gain=0.442244 0.124212 0.100611 0.128663 0.0187238 1.22016e-05 8.82106e-06 6.14344e-07 1.09293e-08 4.70893e-09 4.82214e-09 4.66785e-09 1.3088e-09 1.49902e-09
threshold=1.0000000180025095e-35 0.66704505681991588 0.50321573019027721 0.53726795315742504 266.03240966796881 0.74482440948486339 0.59033319354057323 198.39456176757815 0.29275470972061163 1576.4180908203127 302.08424377441412 1.0973996520042422 31.500000000000004 0.39123551547527319
decision_type=2 2 2 2 2 2 2 2 2 2 2 2 2 2
left_child=8 2 4 -4 -2 6 -3 -7 9 10 -1 -11 -10 -14
right_child=1 5 3 -5 -6 7 -8 -9 12 11 -12 -13 13 -15
leaf_value=-0.050037645811510878 0.037893627568266079 0.051277177811892539 0.054836090070198157 0.0041996797741472667 -0.051205047392211211 0.050400054056372129 0.050308536035964559 0.050024726306525338 -0.050005387287918035 -0.050060040465147018 -0.05002393525031637 -0.050004487401620772 -0.050034138349511065 -0.050004269664142557
leaf_weight=0.12216098574731415 0.0063595179235561563 0.056812417140463256 0.14525318637606666 0.92013738821151492 0.080980162379546528 0.012605075447936542 0.040088374385959469 0.080722844635602087 0.04663220724751227 0.024870467285381892 0.1350055528566827 0.0044592894705601785 0.0099421784909736743 0.0072739178649499072
leaf_count=2626 10 33 36 255 555 33 115 327 7581 258 7114 606 460 1139
internal_value=-7.35012e-10 0.0130512 0.00687393 0.0111033 -0.0447175 0.0504835 0.0508764 0.0500754 -0.0500284 -0.0500326 -0.0500304 -0.0500516 -0.0500097 -0.0500215
internal_weight=1.6933 1.34296 1.15273 1.06539 0.0873397 0.190229 0.0969008 0.0933279 0.350345 0.286496 0.257167 0.0293298 0.0638483 0.0172161
internal_count=21148 1364 856 291 565 508 148 360 19784 10604 9740 864 9180 1599
is_linear=0
shrinkage=0.05


Tree=93
num_leaves=15
num_cat=0
split_feature=9 0 9 18 2 0 13 16 5 16 16 18 6 5
split_gain=0.406988 0.115917 0.0987231 0.101853 0.0930039 1.04623e-05 7.33438e-06 5.40529e-07 8.89346e-09 3.75893e-09 3.64323e-09 3.36437e-09 1.68367e-09 1.93916e-09
threshold=1.0000000180025095e-35 0.66704505681991588 16.500000000000004 1.1415238380432131 0.51527813076972973 0.74482440948486339 0.59033319354057323 198.39456176757815 0.26927007734775549 1576.4180908203127 302.08424377441412 1.0973996520042422 29.500000000000004 0.38062825798988348
decision_type=2 2 2 2 2 2 2 2 2 2 2 2 2 2
left_child=8 2 3 -2 -4 6 -3 -7 9 10 -1 -11 -10 -14
right_child=1 5 4 -5 -6 7 -8 -9 12 11 -12 -13 13 -15
leaf_value=-0.050036057235645651 -0.017965810894665129 0.051221653000841132 -0.040678733334445931 0.048227146137464968 0.0050912458975075165 0.050391502238767864 0.050303895684623706 0.050024575498244787 -0.050005311615121152 -0.050057147086129773 -0.050023426165471729 -0.050004271709894889 -0.050031725001596895 -0.050004657936189439
leaf_weight=0.11111407934936335 0.078493979529866698 0.053547099407296517 0.13294441261041356 0.22384988952580898 0.6720587935851654 0.011633678615908138 0.036682748424937017 0.073126939430949278 0.042822013041131868 0.021847364042514528 0.11741244461745737 0.003488826102056918 0.016887581700075316 0.010880567617277848
leaf_count=2291 240 33 325 153 138 33 115 327 8012 223 6036 496 854 1872
internal_value=1.40397e-10 0.0126577 0.00668177 0.0310422 -0.00246756 0.0504738 0.0508485 0.0500749 -0.0500272 -0.0500316 -0.0500296 -0.0500499 -0.0500115 -0.0500211
internal_weight=1.60679 1.28234 1.10735 0.302344 0.805003 0.17499 0.0902298 0.0847606 0.324453 0.253863 0.228527 0.0253362 0.0705902 0.0277681
internal_count=21148 1364 856 393 463 508 148 360 19784 9046 8327 719 10738 2726
is_linear=0
shrinkage=0.05


Tree=94
num_leaves=15
num_cat=0
split_feature=9 0 9 5 13 0 13 16 5 16 16 18 6 5
split_gain=0.37639 0.10692 0.0912066 0.0934754 0.0818096 8.56428e-06 5.94123e-06 4.77956e-07 7.31305e-09 3.09152e-09 3.16904e-09 2.76992e-09 1.46591e-09 1.63928e-09
threshold=1.0000000180025095e-35 0.66704505681991588 16.500000000000004 0.094373971223831191 0.53726795315742504 0.74482440948486339 0.59033319354057323 198.39456176757815 0.26927007734775549 1576.4180908203127 302.08424377441412 1.0973996520042422 29.500000000000004 0.38062825798988348
decision_type=2 2 2 2 2 2 2 2 2 2 2 2 2 2
left_child=8 2 3 -2 -4 6 -3 -7 9 10 -1 -11 -10 -14
right_child=1 5 4 -5 -6 7 -8 -9 12 11 -12 -13 13 -15
leaf_value=-0.05003454663783409 0.050568303235049843 0.051154112172705872 0.027472672805966648 -0.010844088402469036 -0.011177181359726679 0.050383341415432992 0.050292912759526021 0.050023938697557946 -0.050005058281881447 -0.050054145030994583 -0.050022364402329225 -0.050004131702704339 -0.050030466446741889 -0.050004407728580863
leaf_weight=0.104947981647456 0.19287829307722837 0.049525518377777078 0.17781561132687784 0.091288205954242585 0.59522298969613985 0.010751179404905997 0.033622715272940695 0.066272231168113649 0.038536317033049272 0.02048921954292382 0.1086538698775712 0.0032009412393563244 0.015782930603791101 0.0097716371928981971
leaf_count=2291 39 33 116 354 347 33 115 327 8012 223 6036 496 854 1872
internal_value=8.07536e-11 0.0123849 0.00661721 0.0308396 -0.00228688 0.050454 0.0508059 0.0500741 -0.0500262 -0.0500303 -0.0500283 -0.0500474 -0.0500112 -0.0500205
internal_weight=1.51876 1.21738 1.05721 0.284166 0.773039 0.160172 0.0831482 0.0770234 0.301383 0.237292 0.213602 0.0236902 0.0640909 0.0255546
internal_count=21148 1364 856 393 463 508 148 360 19784 9046 8327 719 10738 2726
is_linear=0
shrinkage=0.05


Tree=95
num_leaves=12
num_cat=0
split_feature=9 2 13 9 16 5 2 9 17 9 5
split_gain=0.351565 0.110412 0.100283 0.131165 0.0168301 0.0111896 0.0103177 0.00447518 0.00180745 1.50066e-06 6.22808e-09
threshold=1.5000000000000002 0.50321573019027721 0.53726795315742504 15.500000000000002 266.03240966796881 0.050660187378525741 0.70235460996627819 1.0000000180025095e-35 337798.50000000006 1.0000000180025095e-35 0.26927007734775549
decision_type=2 2 2 2 2 2 2 2 2 2 2
left_child=6 4 8 -4 -2 -6 9 -8 -3 10 -1
right_child=1 2 3 -5 5 -7 7 -9 -10 -11 -12
leaf_value=-0.050029473832946793 0.037715951502638442 0.048574184442226949 0.049963035763974317 0.0012525927318564217 0.050139769430697034 -0.054944087416618305 -0.050016201747659805 0.050681619050257393 0.059318584087498141 -0.050720584101918091 -0.050011111812968134
leaf_weight=0.22234314632942198 0.0057477534137432276 0.083072237546730099 0.17002936709468486 0.73831188336043851 0.0026280801394022993 0.070231031404546229 0.0015737108060420715 0.0036914461525157094 0.074017094448208809 0.0079898611811586306 0.058285722277105378
leaf_count=8796 12 102 72 584 2 554 250 2 2 34 10738
internal_value=-7.79375e-10 0.0125306 0.0167498 0.0103705 -0.0446555 -0.0511536 -0.0487795 0.0205839 0.0536367 -0.0500449 -0.0500257
internal_weight=1.43792 1.14404 1.06543 0.908341 0.0786069 0.0728591 0.293884 0.00526516 0.157089 0.288619 0.280629
internal_count=21148 1328 760 656 568 556 19820 252 104 19568 19534
is_linear=0
shrinkage=0.05


Tree=96
num_leaves=12
num_cat=0
split_feature=9 2 13 9 16 5 2 9 17 9 5
split_gain=0.328967 0.102247 0.0911188 0.120391 0.0149519 0.00991507 0.00967364 0.00421357 0.00179693 1.26872e-06 5.26982e-09
threshold=1.5000000000000002 0.50321573019027721 0.53726795315742504 15.500000000000002 266.03240966796881 0.050660187378525741 0.70235460996627819 1.0000000180025095e-35 337798.50000000006 1.0000000180025095e-35 0.26927007734775549
decision_type=2 2 2 2 2 2 2 2 2 2 2
left_child=6 4 8 -4 -2 -6 9 -8 -3 10 -1
right_child=1 2 3 -5 5 -7 7 -9 -10 -11 -12
leaf_value=-0.0500280532869945 0.036113094344297561 0.047726598249633462 0.049503327046317248 0.0014357273753527649 0.050125075347201557 -0.054685865935915526 -0.050015379753038283 0.050650615161502578 0.058801168783621564 -0.050683591513880001 -0.050010592261469179
leaf_weight=0.20862856683970687 0.0053032791620352118 0.078283347902470046 0.15987324604066089 0.70338438256294467 0.0023371073039015746 0.065367779406187765 0.0014844849124528983 0.0034678020747378469 0.068836603313684464 0.0075084611780766855 0.054499062603099446
leaf_count=8796 12 102 72 584 2 554 250 2 2 34 10738
internal_value=2.18757e-10 0.0124074 0.0165364 0.0103377 -0.0447351 -0.0510679 -0.0487755 0.0204752 0.0529083 -0.0500427 -0.0500244
internal_weight=1.35897 1.08339 1.01038 0.863258 0.0730082 0.0677049 0.275588 0.00495229 0.14712 0.270636 0.263128
internal_count=21148 1328 760 656 568 556 19820 252 104 19568 19534
is_linear=0
shrinkage=0.05


Tree=97
num_leaves=12
num_cat=0
split_feature=9 2 13 9 16 2 5 9 17 9 5
split_gain=0.307844 0.0946932 0.0835245 0.110739 0.0132832 0.00907575 0.00879022 0.00396771 0.00171681 1.07222e-06 4.45944e-09
threshold=1.5000000000000002 0.50321573019027721 0.53726795315742504 15.500000000000002 266.03240966796881 0.70235460996627819 0.050660187378525741 1.0000000180025095e-35 337798.50000000006 1.0000000180025095e-35 0.26927007734775549
decision_type=2 2 2 2 2 2 2 2 2 2 2
left_child=5 4 8 -4 -2 9 -6 -7 -3 10 -1
right_child=1 2 3 -5 6 7 -8 -9 -10 -11 -12
leaf_value=-0.050026697005607051 0.034391406454790219 0.047129527347362282 0.049028795912448797 0.0015739899021536179 0.050111971130099124 -0.050014594911997973 -0.054440408704902257 0.050621096714350493 0.058318270080167947 -0.050648403735250619 -0.050010095213945109
leaf_weight=0.19580101052360999 0.0049110368490798964 0.073733601362619083 0.15051227215735707 0.67098617674128036 0.002079020385281182 0.0014002135451391942 0.060865437448228477 0.0032592338975518942 0.064081063494086266 0.0070553149907937032 0.050981031329229154
leaf_count=8796 12 102 72 584 2 250 554 2 2 34 10738
internal_value=-1.12965e-10 0.0122738 0.0163113 0.0102685 -0.0448078 -0.0487713 -0.0509871 0.020379 0.0523321 -0.0500406 -0.0500233
internal_weight=1.28567 1.02717 0.959313 0.821498 0.0678555 0.258497 0.0629445 0.00465945 0.137815 0.253837 0.246782
internal_count=21148 1328 760 656 568 19820 556 252 104 19568 19534
is_linear=0
shrinkage=0.05


Tree=98
num_leaves=15
num_cat=0
split_feature=9 0 2 13 18 0 13 13 5 16 16 18 6 5
split_gain=0.288144 0.0885244 0.0714364 0.0850078 0.0113849 5.92458e-06 3.93155e-06 2.57057e-07 3.74027e-09 1.72286e-09 1.55971e-09 1.3612e-09 8.18789e-10 8.82207e-10
threshold=1.0000000180025095e-35 0.66704505681991588 0.50321573019027721 0.53726795315742504 1.2927447557449343 0.74482440948486339 0.59033319354057323 0.47771476209163671 0.26927007734775549 1576.4180908203127 302.08424377441412 1.0973996520042422 29.500000000000004 0.38062825798988348
decision_type=2 2 2 2 2 2 2 2 2 2 2 2 2 2
left_child=8 2 4 -4 -2 6 -3 -7 9 10 -1 -11 -10 -14
right_child=1 5 3 -5 -6 7 -8 -9 12 11 -12 -13 13 -15
leaf_value=-0.050028534349766868 -0.051096592627291819 0.05103673417857868 0.051782282166350946 0.0036460365697930062 0.033117137976723679 0.050295827772461554 0.050262177623903205 0.050018055441869096 -0.05000419128186101 -0.05004469323820853 -0.050018855958227026 -0.050002788455651828 -0.050025700843029521 -0.050003640507696734
leaf_weight=0.083471042871451573 0.058507188040948677 0.043479412721353583 0.10584976220707176 0.68698137634964951 0.0043088800630357573 0.010024356808571611 0.026288850625860505 0.049246469512581825 0.028282151589223758 0.016417387192404931 0.083039180352443509 0.0021972751376324587 0.012225758185650193 0.0072014705481251431
leaf_count=2291 541 33 36 255 24 37 115 323 8012 223 6036 496 854 1872
internal_value=-2.77489e-10 0.011828 0.00600608 0.0100726 -0.0453199 0.0504326 0.0507449 0.050065 -0.0500221 -0.0500253 -0.0500237 -0.0500397 -0.0500096 -0.0500175
internal_weight=1.21752 0.984686 0.855647 0.792831 0.0628161 0.129039 0.0697683 0.0592708 0.232834 0.185125 0.16651 0.0186147 0.0477094 0.0194272
internal_count=21148 1364 856 291 565 508 148 360 19784 9046 8327 719 10738 2726
is_linear=0
shrinkage=0.05


Tree=99
num_leaves=15
num_cat=0
split_feature=9 0 9 5 2 0 13 13 5 16 16 18 6 5
split_gain=0.266018 0.0828327 0.0704732 0.0803428 0.06815 5.05643e-06 3.26051e-06 2.23707e-07 3.03324e-09 1.45796e-09 1.28077e-09 1.12016e-09 6.98171e-10 7.33248e-10
threshold=1.0000000180025095e-35 0.66704505681991588 16.500000000000004 0.094373971223831191 0.50903290510177623 0.74482440948486339 0.59033319354057323 0.47771476209163671 0.26927007734775549 1576.4180908203127 302.08424377441412 1.0973996520042422 29.500000000000004 0.38062825798988348
decision_type=2 2 2 2 2 2 2 2 2 2 2 2 2 2
left_child=8 2 3 -2 -4 6 -3 -7 9 10 -1 -11 -10 -14
right_child=1 5 4 -5 -6 7 -8 -9 12 11 -12 -13 13 -15
leaf_value=-0.050027098348056145 0.050297294535327663 0.050989593886174481 -0.042901356302041359 -0.012158636264905523 0.0039635386598883922 0.050287481911172417 0.050257315139896133 0.050018030127094382 -0.050004011098489502 -0.050042404379964267 -0.05001802203133221 -0.050002636386420087 -0.050024544244248549 -0.050003467678026339
leaf_weight=0.078225273126236061 0.15304244213621132 0.041071801475482062 0.091774325990627403 0.077601448359018832 0.50130465306574479 0.0093061645529814996 0.024132794249453582 0.044713773611874785 0.025450850738252484 0.015426646328478455 0.077252440975598802 0.0020003363176783742 0.011388433906290629 0.0064715471082763534
leaf_count=2291 39 33 318 354 145 37 115 323 8012 223 6036 496 854 1872
internal_value=6.67358e-10 0.0114697 0.0058318 0.0292836 -0.00328844 0.0504222 0.0507186 0.0500644 -0.0500212 -0.0500241 -0.0500226 -0.0500378 -0.0500093 -0.0500169
internal_weight=1.15916 0.942947 0.823723 0.230644 0.593079 0.119225 0.0652046 0.0540199 0.216216 0.172905 0.155478 0.017427 0.0433108 0.01786
internal_count=21148 1364 856 393 463 508 148 360 19784 9046 8327 719 10738 2726
is_linear=0
shrinkage=0.05


Tree=100
num_leaves=12
num_cat=0
split_feature=9 2 13 9 16 2 5 9 17 9 5
split_gain=0.246753 0.074001 0.0729799 0.103844 0.0106314 0.00774472 0.00690261 0.00314577 0.00155616 7.76876e-07 2.50192e-09
threshold=1.5000000000000002 0.50321573019027721 0.53726795315742504 15.500000000000002 266.03240966796881 0.70235460996627819 0.050660187378525741 1.0000000180025095e-35 337798.50000000006 1.0000000180025095e-35 0.26927007734775549
decision_type=2 2 2 2 2 2 2 2 2 2 2
left_child=5 4 8 -4 -2 9 -6 -7 -3 10 -1
right_child=1 2 3 -5 6 7 -8 -9 -10 -11 -12
leaf_value=-0.050023172786927028 0.033682665300509285 0.046071221721694318 0.048783192067103562 -3.0015122851451974e-07 0.050091852991346712 -0.050013127512019265 -0.053819214306384866 0.050543158537386883 0.057511218555244603 -0.050592954218538023 -0.050009106867798095
leaf_weight=0.16077616226641567 0.0040465958882123223 0.063151198821287835 0.13445947337459074 0.57812294821997057 0.0016511529174749731 0.0010881528594381953 0.049828350960524403 0.0027266883989796042 0.05616382509469986 0.0061054858360876088 0.039351734032607055
leaf_count=8796 12 102 72 584 2 250 554 2 2 34 10738
internal_value=-1.30136e-09 0.0115345 0.0152647 0.00920481 -0.0443524 -0.0487316 -0.0504864 0.0218603 0.0514562 -0.0500374 -0.0500204
internal_weight=1.09747 0.887424 0.831897 0.712582 0.0555261 0.210048 0.0514795 0.00381484 0.119315 0.206233 0.200128
internal_count=21148 1328 760 656 568 19820 556 252 104 19568 19534
is_linear=0
shrinkage=0.05


Tree=101
num_leaves=13
num_cat=0
split_feature=9 0 9 5 13 2 9 0 13 9 13 5
split_gain=0.231548 0.0713603 0.0696063 0.0700566 0.055124 0.00725637 0.00296584 4.01456e-06 2.48748e-06 6.59916e-07 1.70253e-07 2.1276e-09
threshold=1.5000000000000002 0.66704505681991588 15.500000000000002 0.13170507550239566 0.9762801229953767 0.70235460996627819 1.0000000180025095e-35 0.74482440948486339 0.59033319354057323 1.0000000180025095e-35 0.47771476209163671 0.26927007734775549
decision_type=2 2 2 2 2 2 2 2 2 2 2 2
left_child=5 2 3 -2 -4 9 -7 8 -3 11 -9 -1
right_child=1 7 4 -5 -6 6 -8 10 -10 -11 -12 -13
leaf_value=-0.050022085143635223 0.052946151493626595 0.05092284524421014 0.0029850467894835188 -0.050292281111069953 -0.054814550511041241 -0.050012478527053754 0.050517522098544168 0.050270345539735306 0.050216963702684941 -0.050563301166578915 0.050018051685443855 -0.050008695329399944
leaf_weight=0.15124657090427718 0.1164055259723682 0.037620707353198668 0.55990396521656294 0.019133620231968962 0.044531516265124083 0.0010282657638072115 0.002560724038630724 0.0080862481117947027 0.018676491999940481 0.0057484681674395679 0.038638418474874925 0.036906927777408782
leaf_count=8796 23 33 560 235 4 250 2 37 113 34 323 10738
internal_value=3.86693e-10 0.0114165 0.00598847 0.0383723 -0.00127331 -0.0487317 0.0217151 0.0504043 0.0506887 -0.0500356 0.0500617 -0.0500195
internal_weight=1.04049 0.842996 0.739975 0.135539 0.604435 0.197491 0.00358899 0.103022 0.0562972 0.193902 0.0467247 0.188153
internal_count=21148 1328 822 258 564 19820 252 506 146 19568 360 19534
is_linear=0
shrinkage=0.05


Tree=102
num_leaves=15
num_cat=0
split_feature=9 0 9 5 2 0 13 13 5 16 16 18 2 5
split_gain=0.214502 0.0686852 0.0559618 0.0699465 0.0598058 3.37084e-06 2.11401e-06 1.48381e-07 1.7144e-09 9.73262e-10 8.82754e-10 7.93023e-10 2.12428e-10 2.53045e-10
threshold=1.0000000180025095e-35 0.66704505681991588 16.500000000000004 0.094373971223831191 0.50903290510177623 0.74482440948486339 0.59033319354057323 0.47771476209163671 0.31392508745193487 1576.4180908203127 302.08424377441412 1.0973996520042422 0.35179919004440313 0.39123551547527319
decision_type=2 2 2 2 2 2 2 2 2 2 2 2 2 2
left_child=8 2 3 -2 -4 6 -3 -7 9 10 -1 -11 13 -10
right_child=1 5 4 -5 -6 7 -8 -9 12 11 -12 -13 -14 -15
leaf_value=-0.050023115213284411 0.050013733681919852 0.050885249752411016 -0.04262261115125987 -0.013215302147345998 0.0042242243871898786 0.050262115643554532 0.050233209185551797 0.050016959471403437 -0.050021028040203842 -0.050036149920440337 -0.050015135379735731 -0.050001931583446603 -0.050001722213357261 -0.050002283167369536
leaf_weight=0.068619678869367817 0.12789468455594033 0.035195214481063886 0.080694211485024425 0.066472734309400039 0.43746930878478452 0.0074978570919483891 0.019218729488784447 0.034906486424006289 0.003852311244372685 0.014191673972277385 0.07002288953117386 0.0019225811784053795 0.014059464649108122 0.0033801752671251961
leaf_count=2929 39 33 318 354 145 37 115 323 359 293 8084 694 6093 1332
internal_value=-2.36116e-10 0.01088 0.00551078 0.0283897 -0.00307129 0.0503945 0.050655 0.0500603 -0.0500186 -0.0500204 -0.0500191 -0.0500321 -0.0500053 -0.0500123
internal_weight=0.985398 0.809349 0.712531 0.194367 0.518164 0.0968183 0.0544139 0.0424043 0.176049 0.154757 0.138643 0.0161143 0.021292 0.00723249
internal_count=21148 1364 856 393 463 508 148 360 19784 12000 11013 987 7784 1691
is_linear=0
shrinkage=0.05


Tree=103
num_leaves=15
num_cat=0
split_feature=9 0 9 18 13 0 13 13 5 16 16 18 6 5
split_gain=0.199088 0.0636541 0.0523755 0.0648194 0.0557317 2.80217e-06 1.65242e-06 1.29465e-07 1.39842e-09 7.86489e-10 7.19469e-10 5.82208e-10 2.62227e-10 2.41479e-10
threshold=1.0000000180025095e-35 0.66704505681991588 16.500000000000004 1.1415238380432131 0.53726795315742504 0.74482440948486339 0.59033319354057323 0.47771476209163671 0.29275470972061163 1576.4180908203127 302.08424377441412 1.0973996520042422 31.500000000000004 0.39123551547527319
decision_type=2 2 2 2 2 2 2 2 2 2 2 2 2 2
left_child=8 2 3 -2 -4 6 -3 -7 9 10 -1 -11 -10 -14
right_child=1 5 4 -5 -6 7 -8 -9 12 11 -12 -13 13 -15
leaf_value=-0.050022267340544414 -0.020531612589296339 0.050836357603339932 0.026999051062057661 0.04647071503511338 -0.012285186112393535 0.050254330875989864 0.050238091435099955 0.050016399784999777 -0.050003206081953515 -0.050034309007746559 -0.050014699704548173 -0.050001753893253703 -0.050021188366512592 -0.050002336894949762
leaf_weight=0.063721555122128848 0.049490527025227493 0.03268624493284733 0.11842998377051117 0.13337529988734786 0.37987061351441298 0.0069780850608367464 0.017841906392277451 0.03164277809264604 0.016472211278880877 0.012925736729357595 0.061933421067124073 0.0015366093407465095 0.004802739661386112 0.0026284293902563149
leaf_count=2626 240 33 116 153 347 37 115 323 7581 258 7114 606 460 1139
internal_value=-3.28445e-10 0.0106501 0.00545042 0.0283373 -0.00294859 0.05038 0.0506251 0.0500594 -0.0500179 -0.0500198 -0.0500185 -0.0500309 -0.0500067 -0.0500145
internal_weight=0.934336 0.770315 0.681166 0.182866 0.498301 0.089149 0.0505282 0.0386209 0.164021 0.140117 0.125655 0.0144623 0.0239034 0.00743117
internal_count=21148 1364 856 393 463 508 148 360 19784 10604 9740 864 9180 1599
is_linear=0
shrinkage=0.05


Tree=104
num_leaves=15
num_cat=0
split_feature=9 2 13 13 18 5 17 5 16 16 18 6 5 2
split_gain=0.187177 0.0658755 0.0650358 0.0712721 0.00881209 0.00491171 0.00115588 1.18169e-09 6.95217e-10 6.07789e-10 4.99348e-10 2.33263e-10 2.07418e-10 5.35605e-11
threshold=1.0000000180025095e-35 0.50321573019027721 0.53726795315742504 0.54846587777137767 1.2927447557449343 0.050660187378525741 337798.50000000006 0.29275470972061163 1576.4180908203127 302.08424377441412 1.0973996520042422 31.500000000000004 0.39123551547527319 0.36544844508171087
decision_type=2 2 2 2 2 2 2 2 2 2 2 2 2 2
left_child=7 4 6 -4 5 -2 -3 8 9 -1 -10 13 -13 -9
right_child=1 2 3 -5 -6 -7 -8 11 10 -11 -12 12 -14 -15
leaf_value=-0.050021514225350172 0.050073928422769892 0.046192548282431793 -0.046373932310976362 0.013727273242936761 0.03406593425194953 -0.053716011831670553 0.056838718435252733 -0.050008467906422653 -0.050033092888762745 -0.050014363211836999 -0.050001696828342906 -0.050020538896444401 -0.050002269329729912 -0.050001461759420787
leaf_weight=0.060838442746671717 0.0011697584086505222 0.052337249580887146 0.05442119250074029 0.52706972964188026 0.0032558018065174102 0.044637966380605576 0.049713006243109703 0.0035993928428865738 0.01237986610851749 0.058080502711504778 0.0014107873147395375 0.0045366650226128504 0.0023626430734111636 0.011266337694337381
leaf_count=2626 2 102 38 654 26 540 2 1227 258 7114 606 460 1139 6354
internal_value=2.63465e-10 0.0105465 0.0145635 0.00810246 -0.0454164 -0.0510656 0.0513787 -0.0500175 -0.0500193 -0.050018 -0.0500299 -0.0500067 -0.0500143 -0.0500032
internal_weight=0.887079 0.732605 0.683541 0.581491 0.0490635 0.0458077 0.10205 0.154475 0.13271 0.118919 0.0137907 0.021765 0.00689931 0.0148657
internal_count=21148 1364 796 692 568 542 104 19784 10604 9740 864 9180 1599 7581
is_linear=0
shrinkage=0.05


Tree=105
num_leaves=15
num_cat=0
split_feature=9 2 13 9 16 5 17 5 16 16 18 6 5 2
split_gain=0.173455 0.0598276 0.0579603 0.0708907 0.00785026 0.0043576 0.00106778 9.76604e-10 5.65281e-10 4.86195e-10 4.09713e-10 1.90697e-10 1.70396e-10 4.37584e-11
threshold=1.0000000180025095e-35 0.50321573019027721 0.53726795315742504 15.500000000000002 266.03240966796881 0.050660187378525741 337798.50000000006 0.29275470972061163 1576.4180908203127 369.26812744140631 1.0973996520042422 31.500000000000004 0.39123551547527319 0.36544844508171087
decision_type=2 2 2 2 2 2 2 2 2 2 2 2 2 2
left_child=7 4 6 -4 -2 -6 -3 8 9 -1 -10 13 -13 -9
right_child=1 2 3 -5 5 -7 -8 11 10 -11 -12 12 -14 -15
leaf_value=-0.050019874893296706 0.032590109713699737 0.045480421588660502 0.043922897237270615 -0.0007697836803170733 0.050066327899523859 -0.05346565757408174 0.056167453322235265 -0.050007933783857143 -0.050031046225804038 -0.050013197821650972 -0.050001591543030993 -0.05001927243239155 -0.050002128521200742 -0.050001374082750294
leaf_weight=0.062065919067947561 0.0030158411245793095 0.050125637888413621 0.11046645017813717 0.45085984974502935 0.0010420564212836316 0.041179938510936154 0.043792115524411201 0.0033528543108332096 0.011518398131329377 0.048620448286953888 0.0013154546948612742 0.0042166635824401047 0.0022084830046651405 0.01051684704350464
leaf_count=2964 12 102 108 584 2 554 2 1227 258 6776 606 460 1139 6354
internal_value=-6.92562e-10 0.0102688 0.0141083 0.00802553 -0.0453438 -0.0509104 0.0504636 -0.0500164 -0.0500181 -0.0500169 -0.050028 -0.0500063 -0.0500134 -0.050003
internal_weight=0.844297 0.700482 0.655244 0.561326 0.0452378 0.042222 0.0939178 0.143815 0.12352 0.110686 0.0128339 0.0202948 0.00642515 0.0138697
internal_count=21148 1364 796 692 568 556 104 19784 10604 9740 864 9180 1599 7581
is_linear=0
shrinkage=0.05


Tree=106
num_leaves=11
num_cat=0
split_feature=9 2 13 9 18 2 5 13 9 5
split_gain=0.16349 0.0564652 0.0517913 0.0738638 0.00710279 0.00588063 0.00298116 0.00114399 4.37953e-07 8.38601e-10
threshold=1.5000000000000002 0.50321573019027721 0.53726795315742504 15.500000000000002 1.2927447557449343 0.70235460996627819 0.082222878932952895 0.47771476209163671 1.0000000180025095e-35 0.29275470972061163
decision_type=2 2 2 2 2 2 2 2 2 2
left_child=5 4 7 -4 6 8 -2 -3 9 -1
right_child=1 2 3 -5 -6 -7 -8 -9 -10 -11
leaf_value=-0.050017295570341694 0.02604280712521144 0.043939705551234734 0.047487448801392863 -0.00052545723718703163 0.031945494862132946 0.024756884379734688 -0.053312282261155253 0.055311915741538299 -0.050500928994032072 -0.050005978571545089
leaf_weight=0.11570342507798159 0.0012212599722261066 0.043683998719643569 0.098330111901304917 0.43217158287006896 0.00277129004280141 0.0026788015964029901 0.038300303949313275 0.04478715144796297 0.0048162963021241003 0.019066932802502379
leaf_count=10354 3 70 72 584 26 252 539 34 34 9180
internal_value=7.61403e-10 0.0104611 0.0142802 0.00837388 -0.0454342 -0.0486242 -0.0508601 0.0496967 -0.0500324 -0.0500157
internal_weight=0.803531 0.661266 0.618973 0.530502 0.0422929 0.142265 0.0395216 0.0884712 0.139587 0.13477
internal_count=21148 1328 760 656 568 19820 542 104 19568 19534
is_linear=0
shrinkage=0.05


Tree=107
num_leaves=12
num_cat=0
split_feature=9 0 9 5 13 2 0 13 9 13 5
split_gain=0.153502 0.0526696 0.0479626 0.0557398 0.0373025 0.00630222 2.02559e-06 1.04402e-06 3.729e-07 7.28257e-08 7.17484e-10
threshold=1.5000000000000002 0.66704505681991588 15.500000000000002 0.13170507550239566 0.9762801229953767 0.70235460996627819 0.74482440948486339 0.59033319354057323 1.0000000180025095e-35 0.47771476209163671 0.29275470972061163
decision_type=2 2 2 2 2 2 2 2 2 2 2
left_child=5 2 3 -2 -4 8 7 -3 10 -8 -1
right_child=1 6 4 -5 -6 -7 9 -9 -10 -11 -12
leaf_value=-0.050016494575728071 0.05230166913969924 0.050754472767419345 0.0021515054456286444 -0.050258606439643784 -0.053788454915671725 0.032615176184451845 0.050221484486638629 0.050214565860519679 -0.050476181909140078 0.050018493087395088 -0.050005740072260191
leaf_weight=0.10908896060715279 0.085092403678572737 0.029068766021737247 0.42435275408752204 0.015690785595324996 0.032052117632701993 0.0023478107536902817 0.0053510014950006726 0.012939581625687424 0.0045389344086288466 0.025353010161779821 0.018078721253289132
leaf_count=10354 23 33 560 235 4 252 37 113 34 323 9180
internal_value=1.57631e-11 0.0103394 0.00511648 0.0363342 -0.00177701 -0.0485834 0.0503626 0.0505882 -0.0500309 0.0500539 -0.050015
internal_weight=0.763955 0.6299 0.557188 0.100783 0.456405 0.134054 0.0727124 0.0420083 0.131707 0.030704 0.127168
internal_count=21148 1328 822 258 564 19820 506 146 19568 360 19534
is_linear=0
shrinkage=0.05


Tree=108
num_leaves=15
num_cat=0
split_feature=9 2 13 9 16 5 13 5 16 16 18 6 5 2
split_gain=0.142523 0.0512545 0.0491392 0.0546285 0.00604119 0.00265231 0.00105225 5.79488e-10 3.53066e-10 2.7956e-10 2.41367e-10 1.23468e-10 1.0609e-10 2.84039e-11
threshold=1.0000000180025095e-35 0.50321573019027721 0.53726795315742504 15.500000000000002 266.03240966796881 0.082222878932952895 0.47771476209163671 0.29275470972061163 1576.4180908203127 302.08424377441412 1.0973996520042422 31.500000000000004 0.39123551547527319 0.36544844508171087
decision_type=2 2 2 2 2 2 2 2 2 2 2 2 2 2
left_child=7 4 6 -4 -2 -6 -3 8 9 -1 -10 13 -13 -9
right_child=1 2 3 -5 5 -7 -8 11 10 -11 -12 12 -14 -15
leaf_value=-0.050017388706487281 0.030981069567248859 0.043735388868182484 0.042527134578444474 -0.00046214405076948421 0.024318741785139413 -0.053186930894517453 0.055075792030271568 -0.050007084420721395 -0.050026751290855348 -0.050011871993437873 -0.050001197171250067 -0.050016899670228557 -0.050001867837919635 -0.050001183068790526
leaf_weight=0.047433496648409346 0.0024092412641039109 0.04044826426434156 0.090923148401998333 0.39468375897558872 0.0011393982858862719 0.035348047268144001 0.041382901032193331 0.0026889677141639376 0.0096827248930821952 0.044516424512210051 0.0010215418446932753 0.0035235578507126766 0.0017601487941192318 0.0084352722207086117
leaf_count=2626 12 70 108 584 3 553 34 1227 258 7114 606 460 1139 6354
internal_value=2.05845e-10 0.009821 0.0136271 0.007587 -0.0457032 -0.0507667 0.0494704 -0.0500143 -0.0500157 -0.0500147 -0.0500243 -0.0500056 -0.0500119 -0.0500026
internal_weight=0.725397 0.606335 0.567438 0.485607 0.0388967 0.0364874 0.0818312 0.119062 0.102654 0.0919499 0.0107043 0.0164079 0.00528371 0.0111242
internal_count=21148 1364 796 692 568 556 104 19784 10604 9740 864 9180 1599 7581
is_linear=0
shrinkage=0.05


Tree=109
num_leaves=11
num_cat=0
split_feature=9 2 13 9 2 18 5 13 9 5
split_gain=0.134253 0.0482456 0.0440287 0.0577383 0.00571629 0.00545557 0.00246789 0.00115235 3.09751e-07 4.96327e-10
threshold=1.5000000000000002 0.50321573019027721 0.53726795315742504 15.500000000000002 0.70235460996627819 1.2927447557449343 0.082222878932952895 0.47771476209163671 1.0000000180025095e-35 0.29275470972061163
decision_type=2 2 2 2 2 2 2 2 2 2
left_child=4 5 7 -4 8 6 -2 -3 9 -1
right_child=1 2 3 -5 -6 -7 -8 -9 -10 -11
leaf_value=-0.050015007127226854 0.023273762735241486 0.042611407415730038 0.04628283400452609 -0.000271479883070272 0.032135952118601055 0.030309431556956874 -0.053021536527422114 0.054822025500029153 -0.050449113728085519 -0.050005346558341136
leaf_weight=0.096349403117471866 0.0010949190473183981 0.038803956880656187 0.080792918775841827 0.37916761602537008 0.0021561152003073394 0.0022194483608473084 0.033150668894677437 0.038484884340505232 0.0042389961663502609 0.015423790505195711
leaf_count=10354 3 70 72 584 252 26 539 34 34 9180
internal_value=3.46471e-10 0.00999583 0.0137733 0.00790587 -0.0485304 -0.0456587 -0.0505822 0.0486915 -0.0500296 -0.0500137
internal_weight=0.691883 0.573714 0.537249 0.459961 0.118168 0.036465 0.0342456 0.0772888 0.116012 0.111773
internal_count=21148 1328 760 656 19820 568 542 104 19568 19534
is_linear=0
shrinkage=0.05


Tree=110
num_leaves=12
num_cat=0
split_feature=9 0 9 5 2 2 0 13 9 13 5
split_gain=0.126119 0.0470238 0.0383883 0.0607803 0.0446603 0.00541097 1.59722e-06 7.86831e-07 2.63603e-07 4.76403e-08 4.24287e-10
threshold=1.5000000000000002 0.66704505681991588 16.500000000000004 0.10674187541007997 0.51527813076972973 0.70235460996627819 0.74482440948486339 0.59033319354057323 1.0000000180025095e-35 0.47771476209163671 0.29275470972061163
decision_type=2 2 2 2 2 2 2 2 2 2 2
left_child=5 2 3 -2 -4 8 7 -3 10 -8 -1
right_child=1 6 4 -5 -6 -7 9 -9 -10 -11 -12
leaf_value=-0.050014306613860166 0.052232134002774072 0.050708235097546232 -0.041670724144218921 -0.017632341711469619 0.004334963307919576 0.030983340235478937 0.050199646592734085 0.050205888956328042 -0.050426847866483215 0.050019317204775718 -0.050005091760192438
leaf_weight=0.090808751693344902 0.086777576580061577 0.026684469425163115 0.064771639278433213 0.04854640203427607 0.28426820189270074 0.0021008321810995758 0.0044238581831450565 0.011011694561602781 0.0039944925169947956 0.021281879789967206 0.014484181238998417
leaf_count=10354 38 33 325 321 138 252 37 113 34 323 9180
internal_value=-8.84319e-10 0.00986253 0.00456228 0.0271688 -0.00420235 -0.0485003 0.0503543 0.0505615 -0.0500282 0.0500504 -0.050013
internal_weight=0.659154 0.547766 0.484364 0.135324 0.34904 0.111388 0.0634019 0.0376962 0.109287 0.0257057 0.105293
internal_count=21148 1328 822 359 463 19820 506 146 19568 360 19534
is_linear=0
shrinkage=0.05


Tree=111
num_leaves=15
num_cat=0
split_feature=9 0 2 13 16 0 13 13 5 16 16 6 5 17
split_gain=0.117385 0.0451634 0.0342793 0.046387 0.00467993 1.26686e-06 6.4461e-07 4.15868e-08 3.46912e-10 2.15696e-10 1.73096e-10 7.80588e-11 6.5547e-11 5.55612e-11
threshold=1.0000000180025095e-35 0.66704505681991588 0.50321573019027721 0.53726795315742504 266.03240966796881 0.74482440948486339 0.59033319354057323 0.47771476209163671 0.29275470972061163 1576.4180908203127 302.08424377441412 31.500000000000004 0.39123551547527319 165501.50000000003
decision_type=2 2 2 2 2 2 2 2 2 2 2 2 2 2
left_child=8 2 4 -4 -2 6 -3 -7 9 10 -1 -10 -13 -11
right_child=1 5 3 -5 -6 7 -8 -9 11 13 -12 12 -14 -15
leaf_value=-0.050015118716740525 0.029000029813105156 0.050664967346019586 0.047948988798189152 0.0011753095776055212 -0.050495591737628034 0.050193050269411413 0.050212824155193327 0.050018315778672856 -0.050002293312766635 -0.050027536671045349 -0.050010362718774862 -0.050014801581241081 -0.050001625985392907 -0.050018658016956513
leaf_weight=0.040081185807821385 0.0019721858625416635 0.024691756663742126 0.061832097802835051 0.37138574242544564 0.030221479655097028 0.0041335032528877482 0.011579730798985111 0.019325312603541533 0.0088429381302717047 0.0024150326555627544 0.036601678745171284 0.002896761052312514 0.0014002519370421851 0.0065168268408513086
leaf_count=2626 10 33 36 255 555 37 115 323 7581 59 7114 460 1139 805
internal_value=-9.90096e-11 0.00940503 0.00415207 0.0078512 -0.0456257 0.0503354 0.0505206 0.0500491 -0.0500125 -0.0500137 -0.0500128 -0.050005 -0.0500105 -0.0500211
internal_weight=0.623896 0.525142 0.465412 0.433218 0.0321937 0.0597303 0.0362715 0.0234588 0.0987547 0.0856147 0.0766829 0.01314 0.00429701 0.00893186
internal_count=21148 1364 856 291 565 508 148 360 19784 10604 9740 9180 1599 864
is_linear=0
shrinkage=0.05


Tree=112
num_leaves=15
num_cat=0
split_feature=9 0 9 5 2 0 13 13 5 16 16 6 5 17
split_gain=0.109185 0.0423986 0.0348143 0.0486455 0.036949 1.06925e-06 5.30497e-07 3.54611e-08 2.8121e-10 1.83654e-10 1.42881e-10 6.67676e-11 5.44298e-11 4.64557e-11
threshold=1.0000000180025095e-35 0.66704505681991588 16.500000000000004 0.094373971223831191 0.50903290510177623 0.74482440948486339 0.59033319354057323 0.47771476209163671 0.29275470972061163 1576.4180908203127 302.08424377441412 31.500000000000004 0.39123551547527319 165501.50000000003
decision_type=2 2 2 2 2 2 2 2 2 2 2 2 2 2
left_child=8 2 3 -2 -4 6 -3 -7 9 10 -1 -10 -13 -11
right_child=1 5 4 -5 -6 7 -8 -9 11 13 -12 12 -14 -15
leaf_value=-0.050014392155069726 0.049333684954953362 0.05063191759472635 -0.042836844119435939 -0.014794415395419437 0.0028064282719920553 0.050185715891427167 0.050206744502440483 0.050018460466660634 -0.050002225843854248 -0.050026179666975749 -0.050009929697368775 -0.050014144449276689 -0.050001566438676918 -0.050017814891161465
leaf_weight=0.037711697747397466 0.081602310325251892 0.023357967962510884 0.05313135901167243 0.04638047744913365 0.26794740438708686 0.0038601622018177286 0.010696084633309511 0.017701265664072707 0.0079731449788198461 0.0022776807132345311 0.034209432941850082 0.0027147339881992147 0.0012589939981069165 0.006119234293947784
leaf_count=2626 39 33 318 354 145 37 115 323 7581 59 7114 460 1139 805
internal_value=4.51744e-10 0.00914318 0.00404302 0.0260939 -0.00474651 0.0503239 0.0504984 0.0500484 -0.050012 -0.0500131 -0.0500123 -0.0500049 -0.0500102 -0.0500201
internal_weight=0.596942 0.504677 0.449062 0.127983 0.321079 0.0556155 0.0340541 0.0215614 0.0922649 0.080318 0.0719211 0.0119469 0.00397373 0.00839692
internal_count=21148 1364 856 393 463 508 148 360 19784 10604 9740 9180 1599 864
is_linear=0
shrinkage=0.05


Tree=113
num_leaves=15
num_cat=0
split_feature=9 0 9 18 13 0 13 13 5 16 16 6 5 17
split_gain=0.101875 0.0393127 0.0325008 0.045252 0.0364279 8.80221e-07 4.07404e-07 3.06597e-08 2.30154e-10 1.52685e-10 1.25646e-10 5.811e-11 4.5632e-11 3.85265e-11
threshold=1.0000000180025095e-35 0.66704505681991588 16.500000000000004 1.1415238380432131 0.53726795315742504 0.74482440948486339 0.59033319354057323 0.47771476209163671 0.29275470972061163 1576.4180908203127 302.08424377441412 31.500000000000004 0.39123551547527319 165501.50000000003
decision_type=2 2 2 2 2 2 2 2 2 2 2 2 2 2
left_child=8 2 3 -2 -4 6 -3 -7 9 10 -1 -10 -13 -11
right_child=1 5 4 -5 -6 7 -8 -9 11 13 -12 12 -14 -15
leaf_value=-0.050013824614191432 -0.022658473454927539 0.050594563923309299 0.026108738886334765 0.04535795408144197 -0.014163926967344571 0.050179024988205756 0.050208666235159266 0.050017762057739272 -0.050002157115755876 -0.050024848319125938 -0.050009505179758384 -0.050013560563417658 -0.050001508440388559 -0.05001700095482519
leaf_weight=0.035723138487185224 0.034131267289694733 0.021673126590030733 0.07375327135923726 0.086248489868353317 0.23526152995873417 0.0036071611320949151 0.0099929315601912094 0.016114389281938202 0.0071836633588020504 0.0021515146427759646 0.031842911185520961 0.0025658257496559145 0.0011318307000180994 0.0057282134851845967
leaf_count=2626 240 33 116 153 347 37 115 323 7581 59 7114 460 1139 805
internal_value=-3.16663e-10 0.00897985 0.00403375 0.0260733 -0.00455196 0.0503095 0.0504728 0.0500473 -0.0500116 -0.0500126 -0.0500118 -0.0500048 -0.0500099 -0.0500191
internal_weight=0.567109 0.480782 0.429395 0.12038 0.309015 0.0513876 0.0316661 0.0197216 0.0863271 0.0754458 0.067566 0.0108813 0.00369766 0.00787973
internal_count=21148 1364 856 393 463 508 148 360 19784 10604 9740 9180 1599 864
is_linear=0
shrinkage=0.05


Tree=114
num_leaves=15
num_cat=0
split_feature=9 2 13 9 18 12 13 5 16 16 6 5 17 2
split_gain=0.0963919 0.0376375 0.0376246 0.0433579 0.00426642 0.00112561 0.000889966 1.9261e-10 1.35298e-10 1.06151e-10 5.20549e-11 3.93441e-11 3.36741e-11 1.27453e-11
threshold=1.0000000180025095e-35 0.50321573019027721 0.53726795315742504 15.500000000000002 1.2927447557449343 0.98273107409477245 0.47771476209163671 0.29275470972061163 1576.4180908203127 302.08424377441412 31.500000000000004 0.39123551547527319 165501.50000000003 0.36544844508171087
decision_type=2 2 2 2 2 2 2 2 2 2 2 2 2 2
left_child=7 4 6 -4 5 -2 -3 8 9 -1 13 -12 -10 -9
right_child=1 2 3 -5 -6 -7 -8 10 12 -11 11 -13 -14 -15
leaf_value=-0.050013372921872246 -0.052673118847486704 0.042392746839576931 0.041914421760154773 -0.0018627323336958463 0.030124892259751707 -0.0033648615510494142 0.054269530992583463 -0.050005939927980782 -0.050023992735210465 -0.05000929954099316 -0.050013188015722104 -0.050001491763058008 -0.050016497807313078 -0.050000858651961959
leaf_weight=0.034217293643507674 0.026489449467760551 0.031438095992598392 0.069985025766527542 0.29486140121480275 0.0017432953873139914 0.0012103008583608235 0.031654814876674209 0.0016562408821698682 0.0020644558509843583 0.030031054485760933 0.0024424252401900048 0.0010189505314315284 0.0054681593147165586 0.0048416460304565589
leaf_count=2626 518 70 108 584 26 24 34 1227 59 7114 460 1139 805 6354
internal_value=-4.38639e-10 0.00893768 0.0126999 0.00653462 -0.0457438 -0.0505187 0.0483515 -0.0500113 -0.0500122 -0.0500115 -0.0500048 -0.0500097 -0.0500186 -0.0500022
internal_weight=0.539123 0.457382 0.427939 0.364846 0.029443 0.0276998 0.0630929 0.0817402 0.071781 0.0642483 0.00995926 0.00346138 0.00753262 0.00649789
internal_count=21148 1364 796 692 568 542 104 19784 10604 9740 9180 1599 864 7581
is_linear=0
shrinkage=0.05


Tree=115
num_leaves=11
num_cat=0
split_feature=9 2 13 9 2 16 0 12 9 5
split_gain=0.0910803 0.0355796 0.0336578 0.04523 0.00412124 0.00379838 0.00108486 0.00108122 1.47735e-07 1.65266e-10
threshold=1.5000000000000002 0.50321573019027721 0.53726795315742504 15.500000000000002 0.70235460996627819 266.03240966796881 0.60321986675262462 0.98273107409477245 1.0000000180025095e-35 0.29275470972061163
decision_type=2 2 2 2 2 2 2 2 2 2
left_child=4 5 6 -4 8 -2 -3 -7 9 -1
right_child=1 2 3 -5 -6 7 -8 -9 -10 -11
leaf_value=-0.050011664721131902 0.028359817835671122 0.038984895769464435 0.045430222664506893 -0.0015932716867974638 0.031740210657253874 -0.052539889473835789 0.052858386011805161 -0.0038965392915168867 -0.050360123400917028 -0.0500045831896372
leaf_weight=0.067514848515230597 0.00163035428704461 0.022812653856817633 0.06239524148622877 0.28341779276161105 0.001571368471331879 0.024888372321868246 0.036857237334515958 0.0011973227876751471 0.0031507075709669144 0.0093840491382906066
leaf_count=10354 12 21 72 584 252 532 83 24 34 9180
internal_value=1.85488e-10 0.00912876 0.0128751 0.0068912 -0.0484504 -0.0456797 0.0475544 -0.0503072 -0.0500245 -0.0500108
internal_weight=0.51482 0.433199 0.405483 0.345813 0.081621 0.027716 0.0596699 0.0260857 0.0800496 0.0768989
internal_count=21148 1328 760 656 19820 568 104 556 19568 19534
is_linear=0
shrinkage=0.05


Tree=116
num_leaves=12
num_cat=0
split_feature=9 0 9 5 2 2 0 13 9 13 5
split_gain=0.0857961 0.0334685 0.0281821 0.0436678 0.031329 0.00389719 6.65005e-07 2.68619e-07 1.26329e-07 1.77764e-08 1.4128e-10
threshold=1.5000000000000002 0.66704505681991588 16.500000000000004 0.10674187541007997 0.50903290510177623 0.70235460996627819 0.74482440948486339 0.59033319354057323 1.0000000180025095e-35 0.47771476209163671 0.29275470972061163
decision_type=2 2 2 2 2 2 2 2 2 2 2
left_child=5 2 3 -2 -4 8 7 -3 10 -8 -1
right_child=1 6 4 -5 -6 -7 9 -9 -10 -11 -12
leaf_value=-0.050011131211744157 0.051791741032058781 0.050541259033969201 -0.042549033324500697 -0.015208221156305511 0.0032474376105368508 0.030549747686373214 0.050154624391099745 0.05019050574939448 -0.050342756183923143 0.050019235484834036 -0.050004383544218156
leaf_weight=0.063772126153423869 0.063947912371077109 0.019571882608033775 0.044898991716536329 0.03924373594310282 0.22193942446028814 0.0015311618857083422 0.0029397422586043822 0.0075696224648709167 0.0029746903555860618 0.013832510172505863 0.0088316748982606441
leaf_count=10354 38 33 318 321 145 252 37 113 34 323 9180
internal_value=-1.37251e-10 0.00902034 0.00412256 0.0263117 -0.00445841 -0.0484235 0.0502905 0.0504434 -0.0500234 0.050043 -0.0500103
internal_weight=0.491053 0.413944 0.37003 0.103192 0.266838 0.0771097 0.0439138 0.0271415 0.0755785 0.0167723 0.0726038
internal_count=21148 1328 822 359 463 19820 506 146 19568 360 19534
is_linear=0
shrinkage=0.05


Tree=117
num_leaves=15
num_cat=0
split_feature=9 0 2 13 18 0 13 13 5 16 16 6 17 5
split_gain=0.0800415 0.0322656 0.0257365 0.0355787 0.00334376 5.28149e-07 2.26253e-07 1.54229e-08 1.15418e-10 8.39972e-11 6.75213e-11 3.05303e-11 2.15844e-11 1.56826e-11
threshold=1.0000000180025095e-35 0.66704505681991588 0.50321573019027721 0.53726795315742504 1.2927447557449343 0.74482440948486339 0.59033319354057323 0.47771476209163671 0.29522953927516943 1576.4180908203127 302.08424377441412 31.500000000000004 165501.50000000003 0.37889623641967779
decision_type=2 2 2 2 2 2 2 2 2 2 2 2 2 2
left_child=8 2 4 -4 -2 6 -3 -7 9 10 -1 -10 -11 -13
right_child=1 5 3 -5 -6 7 -8 -9 11 12 -12 13 -14 -15
leaf_value=-0.050011666802940093 -0.050184003859919717 0.050508695810995 0.046752750762605516 0.00057146136128420567 0.028188720673767261 0.050148947293913018 0.050190038430616396 0.050018309626878747 -0.050001917033891612 -0.050020836322220479 -0.050008124733032372 -0.05001144660701299 -0.050014310169896305 -0.05000369306801597
leaf_weight=0.02909502787926499 0.023191148855971733 0.018159201116759505 0.048921336274361238 0.28277314889328409 0.0014458049654422203 0.0027522362288436861 0.0080352479317298275 0.012613488191163924 0.005078874475643147 0.001750958786544742 0.025028411081578383 0.0016908212051305327 0.0045836036364619304 0.0010616603826463233
leaf_count=2662 541 33 36 255 24 37 115 323 7434 59 7224 369 813 1223
internal_value=-4.33187e-11 0.00858311 0.0037205 0.0073827 -0.0455847 0.0502744 0.0504109 0.0500417 -0.0500099 -0.0500107 -0.05001 -0.0500042 -0.0500161 -0.0500085
internal_weight=0.466181 0.397892 0.356331 0.331694 0.024637 0.0415602 0.0261944 0.0153657 0.0682894 0.060458 0.0541234 0.00783136 0.00633456 0.00275248
internal_count=21148 1364 856 291 565 508 148 360 19784 10758 9886 9026 872 1592
is_linear=0
shrinkage=0.05


Tree=118
num_leaves=15
num_cat=0
split_feature=9 0 9 5 13 0 13 13 5 16 16 6 17 5
split_gain=0.0746719 0.0303592 0.0257903 0.0372166 0.0277361 4.45141e-07 1.86002e-07 1.30634e-08 9.30071e-11 7.16488e-11 5.59357e-11 2.59849e-11 1.81281e-11 1.27187e-11
threshold=1.0000000180025095e-35 0.66704505681991588 16.500000000000004 0.12912064790725711 0.53726795315742504 0.74482440948486339 0.59033319354057323 0.47771476209163671 0.29522953927516943 1576.4180908203127 302.08424377441412 31.500000000000004 165501.50000000003 0.37011243402957922
decision_type=2 2 2 2 2 2 2 2 2 2 2 2 2 2
left_child=8 2 3 -2 -4 6 -3 -7 9 10 -1 -10 -11 -13
right_child=1 5 4 -5 -6 7 -8 -9 11 12 -12 13 -14 -15
leaf_value=-0.050011109261192094 0.03790892181781827 0.050482980292555706 0.024911776489064039 -0.050181504078485734 -0.014426607555798271 0.050142864505365918 0.050183856002084748 0.050018391692897492 -0.050001876514491339 -0.050019819744718023 -0.050007782763702803 -0.050011122988672309 -0.050013661237841039 -0.050003951160786458
leaf_weight=0.027409606210326842 0.08394154132110998 0.017199444583638979 0.058906790261517017 0.013988013297534962 0.18720926819429451 0.002575657933448384 0.007447300541571166 0.011606341629885719 0.0045841965976194379 0.0016530679178572419 0.023448198571927037 0.0015019035511301126 0.0043115591063553893 0.0010506418641398341
leaf_count=2662 51 33 116 342 347 37 115 323 7434 59 7224 323 813 1269
internal_value=2.66497e-11 0.00835409 0.00362415 0.0253263 -0.00501114 0.0502642 0.0503926 0.050041 -0.0500095 -0.0500102 -0.0500096 -0.0500041 -0.0500154 -0.0500082
internal_weight=0.446834 0.382874 0.344046 0.0979296 0.246116 0.0388287 0.0246467 0.014182 0.0639592 0.0568224 0.0508578 0.00713674 0.00596463 0.00255255
internal_count=21148 1364 856 393 463 508 148 360 19784 10758 9886 9026 872 1592
is_linear=0
shrinkage=0.05


Tree=119
num_leaves=15
num_cat=0
split_feature=9 2 13 9 16 0 12 5 16 16 2 17 5 12
split_gain=0.0708194 0.0295341 0.0283529 0.0346099 0.00306073 0.000950729 0.000838788 7.75616e-11 6.59347e-11 4.97945e-11 2.04268e-11 1.73928e-11 1.06019e-11 4.54361e-13
threshold=1.0000000180025095e-35 0.50321573019027721 0.53726795315742504 15.500000000000002 266.03240966796881 0.60321986675262462 0.98273107409477245 0.31392508745193487 1576.4180908203127 302.08424377441412 0.35179919004440313 165501.50000000003 0.37011243402957922 0.90494206547737133
decision_type=2 2 2 2 2 2 2 2 2 2 2 2 2 2
left_child=7 4 5 -4 -2 -3 -6 8 9 -1 12 -10 -9 -12
right_child=1 2 3 -5 6 -7 -8 10 11 -11 13 -13 -14 -15
leaf_value=-0.050010700197870545 0.029034232915287946 0.038385335347909555 0.041376938165170726 -0.0023097809701336362 -0.052338369297946989 0.052547798645707466 -0.0056521657579985222 -0.050010756855505538 -0.050019137599985858 -0.050007526651495597 -0.050000298010330374 -0.050013111409650646 -0.050003640634366832 -0.050001601067224302
leaf_weight=0.026622207705926826 0.0012888138498965409 0.019527332100551575 0.056158905294068973 0.23523963541811099 0.021215244307427383 0.030140685074002249 0.0010077903283445258 0.0010376488781247408 0.0016706685069891583 0.023072820330213517 0.0019989471495875932 0.0042263625653333747 0.0010560664102996498 0.0010054831231514072
leaf_count=2929 12 21 108 584 532 83 24 228 62 8084 4330 925 1463 1763
internal_value=5.55808e-10 0.00832489 0.0120613 0.00610961 -0.0458768 0.0469797 -0.0502212 -0.0500093 -0.0500098 -0.0500092 -0.0500034 -0.0500148 -0.0500072 -0.0500007
internal_weight=0.425269 0.364578 0.341067 0.291399 0.0235118 0.049668 0.022223 0.0606902 0.0555921 0.049695 0.00509815 0.00589703 0.00209372 0.00300443
internal_count=21148 1364 796 692 568 104 556 19784 12000 11013 7784 987 1691 6093
is_linear=0
shrinkage=0.05


Tree=120
num_leaves=11
num_cat=0
split_feature=9 2 13 9 2 18 0 12 9 5
split_gain=0.0671431 0.027973 0.0253763 0.0362462 0.00312289 0.00276318 0.00109259 0.000803748 8.70412e-08 6.63692e-11
threshold=1.5000000000000002 0.50321573019027721 0.53726795315742504 15.500000000000002 0.70235460996627819 1.2927447557449343 0.60321986675262462 0.98114606738090526 1.0000000180025095e-35 0.31392508745193487
decision_type=2 2 2 2 2 2 2 2 2 2
left_child=4 5 6 -4 8 7 -3 -2 9 -1
right_child=1 2 3 -5 -6 -7 -8 -9 -10 -11
leaf_value=-0.050009372578283251 -0.052222740807197889 0.036866548788255946 0.044955419207404534 -0.0020428637548185087 0.030662037595447417 0.028195210627188667 0.052411069800484093 -0.0064107876300180805 -0.050306922800565951 -0.050003232138801416
leaf_weight=0.052332786545392196 0.019964546977433884 0.018859691437683068 0.050101388359507837 0.22642626178821956 0.0012238811179088307 0.0011932658035220802 0.028217791178121843 0.0010056469731125608 0.0025589742454030775 0.0048045645303886877
leaf_count=11750 512 21 72 584 252 26 83 30 34 7784
internal_value=7.2105e-10 0.00852761 0.0122495 0.0064723 -0.0484007 -0.0458144 0.0461838 -0.0500258 -0.0500216 -0.0500089
internal_weight=0.406689 0.345769 0.323605 0.276528 0.0609202 0.0221635 0.0470775 0.0209702 0.0596963 0.0571374
internal_count=21148 1328 760 656 19820 568 104 542 19568 19534
is_linear=0
shrinkage=0.05


Tree=121
num_leaves=12
num_cat=0
split_feature=9 0 9 5 2 2 0 17 9 13 5
split_gain=0.0633254 0.0263295 0.0224035 0.0352773 0.0252115 0.00295519 3.94845e-07 1.92005e-07 7.45737e-08 7.23571e-09 5.6891e-11
threshold=1.5000000000000002 0.66704505681991588 16.500000000000004 0.10674187541007997 0.50903290510177623 0.70235460996627819 0.74482440948486339 296101.50000000006 1.0000000180025095e-35 0.47771476209163671 0.31392508745193487
decision_type=2 2 2 2 2 2 2 2 2 2 2
left_child=5 2 3 -2 -4 8 7 -3 10 -8 -1
right_child=1 6 4 -5 -6 -7 9 -9 -10 -11 -12
leaf_value=-0.050008946863977277 0.051548366891827263 0.050232363596231538 -0.042580512372425251 -0.014744593779924643 0.0029068928305343309 0.029453467944691503 0.050121704151229879 0.05053047356485002 -0.050292284560157385 0.050019107031738709 -0.050003092035414559
leaf_weight=0.049479657404518207 0.051097233616019366 0.0099523755247901136 0.036833110235761524 0.033046448953655272 0.17610411909845425 0.001194458527521646 0.0020787017965631103 0.011811719499746687 0.0024178718176699468 0.0099175455793556466 0.004528885693204642
leaf_count=11750 38 108 318 321 145 252 37 38 34 323 7784
internal_value=9.10282e-10 0.0084249 0.00366993 0.0255126 -0.00496135 -0.0483732 0.0502672 0.0503942 -0.0500206 0.0500369 -0.0500085
internal_weight=0.388462 0.330841 0.297081 0.0841437 0.212937 0.0576209 0.0337603 0.0217641 0.0564264 0.0119962 0.0540085
internal_count=21148 1328 822 359 463 19820 506 146 19568 360 19534
is_linear=0
shrinkage=0.05


Tree=122
num_leaves=15
num_cat=0
split_feature=9 0 2 13 16 0 17 13 5 16 16 2 17 16
split_gain=0.059084 0.0254032 0.0203712 0.0272055 0.00241543 3.115e-07 1.61913e-07 6.26833e-09 4.65417e-11 4.12642e-11 3.15161e-11 1.33349e-11 1.14175e-11 2.13064e-13
threshold=1.0000000180025095e-35 0.66704505681991588 0.50321573019027721 0.53726795315742504 266.03240966796881 0.74482440948486339 296101.50000000006 0.47771476209163671 0.31392508745193487 1576.4180908203127 302.08424377441412 0.35179919004440313 165501.50000000003 722.35861206054699
decision_type=2 2 2 2 2 2 2 2 2 2 2 2 2 2
left_child=8 2 4 -4 -2 6 -3 -7 9 10 -1 -10 -11 -13
right_child=1 5 3 -5 -6 7 -8 -9 11 12 -12 13 -14 -15
leaf_value=-0.050009352921279775 0.027140553155913079 0.050219485356568366 0.045363585948988552 0.00027180362411834841 -0.049915858777472837 0.050117004767409094 0.050497464670748532 0.050018167435901019 -0.05000641206219552 -0.050016696285717033 -0.05000659888611219 -0.050001199545859833 -0.050011391532695071 -0.050000243703574782
leaf_weight=0.022625613188040461 0.001075564796337857 0.010076089728499937 0.039224661763000768 0.22723130434633276 0.018674012257434924 0.001949066255292565 0.010910541070188629 0.0090653475194812927 0.0017217460252822994 0.0014205330184893219 0.019206118021116936 0.0010022486617344839 0.0035472490026648984 0.0013937904181489102
leaf_count=2929 10 110 36 255 555 37 38 323 1691 62 8084 2316 925 3777
internal_value=-4.6489e-10 0.00800197 0.00327805 0.00690971 -0.0457194 0.050251 0.050364 0.0500357 -0.0500082 -0.0500086 -0.0500081 -0.0500031 -0.0500129 -0.0500006
internal_weight=0.369124 0.318207 0.286206 0.266456 0.0197496 0.032001 0.0209866 0.0110144 0.0509173 0.0467995 0.0418317 0.00411779 0.00496778 0.00239604
internal_count=21148 1364 856 291 565 508 148 360 19784 12000 11013 7784 987 6093
is_linear=0
shrinkage=0.05


Tree=123
num_leaves=15
num_cat=0
split_feature=9 0 9 18 13 0 17 13 5 16 16 2 17 16
split_gain=0.055229 0.0239508 0.0205632 0.0303777 0.0215437 2.62373e-07 1.35997e-07 5.26725e-09 3.75671e-11 3.52253e-11 2.61368e-11 1.14481e-11 9.6013e-12 1.58129e-13
threshold=1.0000000180025095e-35 0.66704505681991588 16.500000000000004 1.1415238380432131 0.53726795315742504 0.74482440948486339 296101.50000000006 0.47771476209163671 0.31392508745193487 1576.4180908203127 302.08424377441412 0.35179919004440313 165501.50000000003 836.02096557617199
decision_type=2 2 2 2 2 2 2 2 2 2 2 2 2 2
left_child=8 2 3 -2 -4 6 -3 -7 9 10 -1 -10 -11 -13
right_child=1 5 4 -5 -6 7 -8 -9 11 12 -12 13 -14 -15
leaf_value=-0.050008908967585641 -0.023712607577201422 0.050210209375470397 0.023892683963053597 0.044257088620464922 -0.014815662233477739 0.050112025053774462 0.050472711187682567 0.050018326154042947 -0.050006209783829358 -0.050015884815127712 -0.050006322183739821 -0.050001079324358801 -0.050010877259973913 -0.050000220484044566
leaf_weight=0.021328248916191228 0.023137371379107208 0.009450164012832829 0.047340360549355864 0.056778260929263524 0.14934718902708255 0.0018269515267093092 0.010324767398742551 0.0083778777898260159 0.0015943959408346578 0.0013419273463739492 0.018011362907742523 0.0010034854424461059 0.0033391318753501764 0.001150342139325744
leaf_count=2929 240 110 116 153 347 37 38 323 1691 62 8084 2595 925 3498
internal_value=-6.28136e-10 0.00779175 0.00319087 0.0245783 -0.00549902 0.050241 0.0503473 0.0500351 -0.0500078 -0.0500082 -0.0500077 -0.050003 -0.0500123 -0.0500006
internal_weight=0.354352 0.306583 0.276603 0.0799156 0.196688 0.0299798 0.0197749 0.0102048 0.0477689 0.0440207 0.0393396 0.00374822 0.00468106 0.00215383
internal_count=21148 1364 856 393 463 508 148 360 19784 12000 11013 7784 987 6093
is_linear=0
shrinkage=0.05


Tree=124
num_leaves=13
num_cat=0
split_feature=9 2 13 9 18 0 12 5 16 16 2 17
split_gain=0.0525117 0.0238088 0.0213107 0.0276955 0.00209266 0.00099652 0.000536905 3.12645e-11 3.12868e-11 2.2139e-11 1.03132e-11 8.43193e-12
threshold=1.0000000180025095e-35 0.50321573019027721 0.53726795315742504 15.500000000000002 1.2748305797576907 0.60321986675262462 0.96638044714927684 0.31392508745193487 1576.4180908203127 302.08424377441412 0.35179919004440313 165501.50000000003
decision_type=2 2 2 2 2 2 2 2 2 2 2 2
left_child=7 4 5 -4 6 -3 -2 8 9 -1 -9 -10
right_child=1 2 3 -5 -6 -7 -8 10 11 -11 -12 -13
leaf_value=-0.050008620014599214 -0.052036641525886142 0.036014588028364505 0.040840893108446352 -0.0026571777186824397 0.024069117921482055 0.052142587910915007 -0.01441548942558662 -0.050006140779115055 -0.05001534355559431 -0.050006180756068733 -0.050000611976647694 -0.050010552794442865
leaf_weight=0.020458777549904994 0.017169812102537207 0.016280730502330698 0.04543884102758966 0.18799560335901333 0.0010075889281324626 0.023263385131940595 0.0010038045779197083 0.0014937382967445947 0.0012891620909556414 0.017057948011149904 0.0019375514794646165 0.0031939948986519084
leaf_count=2929 450 21 108 584 40 83 78 1691 62 8084 6093 925
internal_value=-3.98587e-10 0.00777624 0.0115598 0.00580988 -0.04607 0.0455025 -0.0499587 -0.0500076 -0.050008 -0.0500075 -0.050003 -0.0500119
internal_weight=0.337591 0.29216 0.272979 0.233434 0.0191812 0.0395441 0.0181736 0.0454312 0.0419999 0.0375167 0.00343129 0.00448316
internal_count=21148 1364 796 692 568 104 528 19784 12000 11013 7784 987
is_linear=0
shrinkage=0.05


Tree=125
num_leaves=11
num_cat=0
split_feature=9 2 13 9 2 16 0 12 9 5
split_gain=0.0497884 0.0225625 0.0190667 0.0287516 0.00221787 0.00177233 0.0011257 0.000511535 4.16967e-08 2.67804e-11
threshold=1.5000000000000002 0.50321573019027721 0.53726795315742504 15.500000000000002 0.68032515048980724 291.63925170898443 0.60321986675262462 0.97128197550773632 1.0000000180025095e-35 0.31392508745193487
decision_type=2 2 2 2 2 2 2 2 2 2
left_child=4 5 6 -4 8 -2 -3 -7 9 -1
right_child=1 2 3 -5 -6 7 -8 -9 -10 -11
leaf_value=-0.050007617794156717 0.018670485209303131 0.034491745110577052 0.04411182356539127 -0.0023829794405600679 0.024470441220269402 -0.051945857090707342 0.052026157292086622 -0.015393213341012794 -0.050243337715374627 -0.050002888822206243
leaf_weight=0.039494460960064259 0.0010012103316512358 0.015777158972923644 0.040725524993376894 0.18114507133941515 0.0010221720464471664 0.016094630005397903 0.021802316068260552 0.0010176646625268395 0.0019559876991479533 0.0032393570743209912
leaf_count=11634 20 21 72 584 368 470 83 78 34 7784
internal_value=-6.28931e-10 0.00796309 0.0117298 0.00615139 -0.048352 -0.045989 0.0446646 -0.0497721 -0.0500176 -0.0500073
internal_weight=0.323276 0.277564 0.25945 0.221871 0.045712 0.0181135 0.0375795 0.0171123 0.0446898 0.0427338
internal_count=21148 1328 760 656 19820 568 104 548 19452 19418
is_linear=0
shrinkage=0.05


Tree=126
num_leaves=11
num_cat=0
split_feature=9 2 0 13 0 18 12 0 9 5
split_gain=0.047001 0.0211359 0.0174022 0.0194788 0.00204067 0.00125202 0.000496357 2.04129e-07 3.57782e-08 2.31507e-11
threshold=1.5000000000000002 0.50321573019027721 0.66704505681991588 0.53726795315742504 0.67648249864578258 1.2711713314056399 0.96621051430702221 0.74482440948486339 1.0000000180025095e-35 0.31392508745193487
decision_type=2 2 2 2 2 2 2 2 2 2
left_child=4 5 3 -3 8 6 -2 -4 9 -1
right_child=1 2 7 -5 -6 -7 -8 -9 -10 -11
leaf_value=-0.050007273936531982 -0.051879370031570643 0.043066260884098845 0.050327939579040748 0.00097273680520918024 0.020881090670469709 0.0036371012876203097 -0.015723584274765886 0.050032497852659369 -0.050231823372577235 -0.050002755388143097
leaf_weight=0.037335662475264542 0.014912354688249252 0.032111017197166802 0.017191531183470943 0.19071041958250134 0.0010399343379532402 0.0011877448217774136 0.0010137773419955911 0.0088595884731148544 0.0018494676148748104 0.0030676022222664292
leaf_count=11610 440 36 145 221 392 44 84 358 34 7784
internal_value=-2.9752e-10 0.00786367 0.0115597 0.00703888 -0.0483137 -0.0458846 -0.0495779 0.0502275 -0.0500168 -0.0500069
internal_weight=0.309279 0.265986 0.248873 0.222821 0.0432927 0.0171139 0.0159261 0.0260511 0.0422527 0.0404033
internal_count=21148 1328 760 257 19820 568 524 503 19428 19394
is_linear=0
shrinkage=0.05


Tree=127
num_leaves=15
num_cat=0
split_feature=9 0 9 5 2 0 17 13 16 16 18 17 17 18
split_gain=0.04389 0.0204177 0.0175503 0.0274895 0.0190932 1.67256e-07 9.52572e-08 2.33658e-09 1.98637e-11 1.58946e-11 1.88689e-11 8.4124e-12 7.61901e-12 3.08714e-12
threshold=1.0000000180025095e-35 0.66704505681991588 16.500000000000004 0.12912064790725711 0.51527813076972973 0.74482440948486339 296101.50000000006 0.47771476209163671 1576.4180908203127 302.08424377441412 1.0926896929740908 172477.00000000003 165501.50000000003 1.0236107110977175
decision_type=2 2 2 2 2 2 2 2 2 2 2 2 2 2
left_child=8 2 3 -2 -4 6 -3 -7 9 10 -1 -11 -10 -14
right_child=1 5 4 -5 -6 7 -8 -9 12 11 -12 -13 13 -15
leaf_value=-0.050012495941753103 0.037153064468050903 0.050179345394518404 -0.041155080419719166 -0.050147097836683141 0.0021605419945171654 0.050090799074305463 0.050417461180007818 0.05001984768425545 -0.050013452812506215 -0.050000811274729585 -0.050006766958887006 -0.050005408438233138 -0.05001001958953314 -0.050006740072151536
leaf_weight=0.0015734819289718862 0.059010826147641637 0.0078531864378419414 0.031468697739768459 0.010643769611235143 0.13281287447262002 0.0013974077810416929 0.0090292023005531519 0.0068409908976718725 0.0011239901675850197 0.0010661253187151934 0.01659956587376854 0.014943814260725219 0.001669709231450156 0.0012584234894035262
leaf_count=66 51 110 325 342 138 37 38 323 66 1278 4782 11922 132 1538
internal_value=5.40136e-10 0.00738065 0.0027808 0.0238129 -0.00613671 0.0502166 0.0503067 0.0500319 -0.0500066 -0.0500063 -0.0500073 -0.0500051 -0.05001 -0.0500086
internal_weight=0.297292 0.259057 0.233936 0.0696546 0.164282 0.0251208 0.0168824 0.0082384 0.0382351 0.034183 0.018173 0.0160099 0.00405212 0.00292813
internal_count=21148 1364 856 393 463 508 148 360 19784 18048 4848 13200 1736 1670
is_linear=0
shrinkage=0.05


Tree=128
num_leaves=15
num_cat=0
split_feature=9 0 9 5 16 17 0 16 16 16 18 17 5 18
split_gain=0.0412476 0.0191099 0.0163142 0.0247154 0.017405 1.55188e-07 5.49953e-08 2.4724e-08 1.6299e-11 1.45142e-11 1.52063e-11 6.32154e-12 4.85508e-12 2.45137e-12
threshold=1.0000000180025095e-35 0.66704505681991588 16.500000000000004 0.12912064790725711 444.40925598144537 300419.00000000006 0.72845035791397106 755.06967163085949 1576.4180908203127 302.08424377441412 1.0926896929740908 165501.50000000003 0.25253438949584966 1.0236107110977175
decision_type=2 2 2 2 2 2 2 2 2 2 2 2 2 2
left_child=8 2 3 -2 -4 6 -3 -7 9 10 -1 -10 -11 -13
right_child=1 5 4 -5 -6 7 -8 -9 11 12 -12 13 -14 -15
leaf_value=-0.050011859287545958 0.036511363423458974 0.050225731689624492 0.014868541257308764 -0.050138162915933683 -0.019158392278923107 0.050253430635266008 0.050038049203188141 0.050453932282276827 -0.050012774437866808 -0.050005364845750772 -0.050006565711959022 -0.050009515327937265 -0.05000317292040149 -0.050006492578701593
leaf_weight=0.0014843158810435844 0.055895646706630941 0.007404191238947532 0.061528421632971231 0.009650376883627132 0.096558048760726933 0.0021064591664980972 0.0082547070371674636 0.0056927006894511578 0.0010597794324951329 0.011713626351770756 0.015772180521814505 0.0015743800675664943 0.003220975654102177 0.0011685572696293889
leaf_count=66 51 81 84 342 379 71 346 10 66 5250 4782 132 7950 1538
internal_value=7.46109e-10 0.00728446 0.00278097 0.0237539 -0.00591486 0.0502176 0.0501268 0.0503998 -0.0500064 -0.050006 -0.050007 -0.0500095 -0.0500049 -0.0500082
internal_weight=0.283084 0.247091 0.223632 0.065546 0.158086 0.0234581 0.0156589 0.00779916 0.0359938 0.0321911 0.0172565 0.00380272 0.0149346 0.00274294
internal_count=21148 1364 856 393 463 508 427 81 19784 18048 4848 1736 13200 1670
is_linear=0
shrinkage=0.05


Tree=129
num_leaves=11
num_cat=0
split_feature=9 2 13 9 0 18 0 17 9 16
split_gain=0.0386679 0.0180791 0.0177841 0.0256784 0.00148706 0.00109452 0.000835224 0.000340111 2.42273e-08 1.51063e-11
threshold=1.5000000000000002 0.50321573019027721 0.53726795315742504 15.500000000000002 0.66704505681991588 1.2711713314056399 0.60321986675262462 173462.00000000003 1.0000000180025095e-35 1576.4180908203127
decision_type=2 2 2 2 2 2 2 2 2 2
left_child=4 5 6 -4 8 7 -3 -2 9 -1
right_child=1 2 3 -5 -6 -7 -8 -9 -10 -11
leaf_value=-0.050005720402020351 -0.021891062617857161 0.035767773918297448 0.044275027484271021 -0.0037249774661929844 0.011051615401347028 0.0041107632474884385 0.051888646813159571 -0.051758225022515016 -0.050207441851412453 -0.050009167581602391
leaf_weight=0.029811617412740077 0.0010295242068139041 0.014053501203306951 0.034108408485508335 0.15216620805722414 0.0010262021671181279 0.0010203799191117477 0.018760083821007356 0.012853185941551715 0.0015639257328530212 0.0035573677537357176
leaf_count=17686 100 21 72 584 458 44 83 424 34 1642
internal_value=-3.06662e-11 0.00741836 0.0110432 0.00506422 -0.0482724 -0.0458697 0.0449844 -0.0495433 -0.0500151 -0.0500061
internal_weight=0.26995 0.233991 0.219088 0.186275 0.0359591 0.0149031 0.0328136 0.0138827 0.0349329 0.033369
internal_count=21148 1328 760 656 19820 568 104 524 19362 19328
is_linear=0
shrinkage=0.05


Tree=130
num_leaves=15
num_cat=0
split_feature=9 0 2 13 18 17 0 16 16 16 18 17 5 18
split_gain=0.0365887 0.0177938 0.0141792 0.0186145 0.000945247 1.51727e-07 4.61656e-08 2.11922e-08 1.4272e-11 8.41175e-12 1.07808e-11 3.87523e-12 3.30911e-12 1.41181e-12
threshold=1.0000000180025095e-35 0.66704505681991588 0.50321573019027721 0.53726795315742504 1.2661389112472536 300419.00000000006 0.72845035791397106 755.06967163085949 1576.4180908203127 302.08424377441412 1.0926896929740908 169595.50000000003 0.25253438949584966 1.0236107110977175
decision_type=2 2 2 2 2 2 2 2 2 2 2 2 2 2
left_child=8 2 4 -4 -2 6 -3 -7 9 10 -1 -10 -11 -13
right_child=1 5 3 -5 -6 7 -8 -9 11 12 -12 13 -14 -15
leaf_value=-0.050010627653669273 -0.049420518585038341 0.050216760786462838 0.043513987821500344 -0.00042275323403482027 0.00088205015342596334 0.050260263060008317 0.050035809091037581 0.050451302349186725 -0.050011497418039966 -0.050004986316598013 -0.050005888542976364 -0.050008820440848867 -0.050003060747163652 -0.050006381368341173
leaf_weight=0.0013133568222656331 0.01310657310439467 0.006796807024102236 0.028313134745985735 0.16225350264153349 0.0010055615158535156 0.001967952634458924 0.007321894399865414 0.0055336079653898196 0.0010111197442768107 0.010527056499533671 0.013908925204617617 0.001444396974392248 0.0028312396191445552 0.0010068602113051384
leaf_count=66 519 81 36 255 46 71 346 10 194 5250 4782 132 7950 1410
internal_value=1.91408e-10 0.00708061 0.00252385 0.00610508 -0.0458362 0.0502195 0.0501229 0.0504012 -0.0500059 -0.0500055 -0.0500063 -0.0500089 -0.0500046 -0.0500078
internal_weight=0.258342 0.226299 0.204679 0.190567 0.0141121 0.0216203 0.0141187 0.00750156 0.032043 0.0285806 0.0152223 0.00346238 0.0133583 0.00245126
internal_count=21148 1364 856 291 565 508 427 81 19784 18048 4848 1736 13200 1542
is_linear=0
shrinkage=0.05


Tree=131
num_leaves=15
num_cat=0
split_feature=9 0 9 18 2 17 0 16 16 16 18 5 17 5
split_gain=0.0343214 0.0168117 0.0149942 0.0221594 0.0157071 1.28087e-07 3.90217e-08 1.72887e-08 1.22144e-11 6.9621e-12 9.16303e-12 2.61051e-12 2.13669e-12 1.7329e-13
threshold=1.0000000180025095e-35 0.66704505681991588 16.500000000000004 1.1415238380432131 0.50903290510177623 300419.00000000006 0.72845035791397106 755.06967163085949 1576.4180908203127 302.08424377441412 1.0926896929740908 0.25253438949584966 185139.50000000003 0.22879433631896975
decision_type=2 2 2 2 2 2 2 2 2 2 2 2 2 2
left_child=8 2 3 -2 -4 6 -3 -7 9 10 -1 -11 -10 -14
right_child=1 5 4 -5 -6 7 -8 -9 12 11 -12 -13 13 -15
leaf_value=-0.050010112039175381 -0.023685299055170684 0.050206786406533956 -0.042686189130694462 0.043642211204837432 0.0013131377912950744 0.050250166957727327 0.05003501414644454 0.050427953314602675 -0.050010412148650464 -0.050004765595048163 -0.050005619831341878 -0.050002987339540776 -0.050008037728084292 -0.050007156678642174
leaf_weight=0.0012426602233972526 0.017370178033459638 0.0064030700800685736 0.024632119944271835 0.041228379777749069 0.11489444271228422 0.001851078264280658 0.0068362485685611318 0.005233575078591457 0.0010067949241161491 0.0099177969919992393 0.013122771964425795 0.002606171688253057 0.0012425576702099761 0.001013174910568182
leaf_count=66 240 81 318 153 145 71 346 10 386 5250 4782 7950 391 959
internal_value=1.3965e-10 0.00690214 0.00245956 0.0236845 -0.00645454 0.0502099 0.0501181 0.0503815 -0.0500056 -0.0500053 -0.050006 -0.0500044 -0.0500085 -0.0500076
internal_weight=0.248601 0.218449 0.198125 0.0585986 0.139527 0.020324 0.0132393 0.00708465 0.0301519 0.0268894 0.0143654 0.012524 0.00326253 0.00225573
internal_count=21148 1364 856 393 463 508 427 81 19784 18048 4848 13200 1736 1350
is_linear=0
shrinkage=0.05


Tree=132
num_leaves=14
num_cat=0
split_feature=9 0 9 5 13 17 0 16 16 16 16 5 12
split_gain=0.0322949 0.0155774 0.0139543 0.0207524 0.0163464 9.97891e-08 3.22595e-08 1.33825e-08 1.00343e-11 6.38011e-12 7.96144e-12 2.072e-12 1.4344e-12
threshold=1.0000000180025095e-35 0.66704505681991588 16.500000000000004 0.12912064790725711 0.53726795315742504 300419.00000000006 0.72845035791397106 755.06967163085949 1576.4180908203127 302.08424377441412 261.67428588867193 0.25253438949584966 0.79529801011085521
decision_type=2 2 2 2 2 2 2 2 2 2 2 2 2
left_child=8 2 3 -2 -4 6 -3 -7 9 10 -1 -11 -10
right_child=1 5 4 -5 -6 7 -8 -9 12 11 -12 -13 -14
leaf_value=-0.050005085527534049 0.036404321083989631 0.050195204732069454 0.02409790565808094 -0.050122475654334801 -0.016201564277468231 0.05023337968625833 0.050033467987355675 0.050397087967988613 -0.050009141482420597 -0.050004552767298351 -0.050007830923401234 -0.050002904995145148 -0.050006979027389799
leaf_weight=0.01006049563020639 0.04709819465642795 0.0060056181948766607 0.033498632927773997 0.0081250144451558981 0.10112389868946536 0.0016878375520263935 0.0063353756841024733 0.0047941738578174409 0.0015884860040245022 0.0093059134611195304 0.0035805543169544771 0.0023997911513724554 0.0014826101115090751
leaf_count=3936 51 81 116 342 347 71 346 10 708 5250 912 7950 1028
internal_value=-8.10317e-10 0.00681006 0.00250842 0.0236736 -0.00617369 0.0501956 0.0501122 0.0503545 -0.0500054 -0.0500051 -0.0500058 -0.0500042 -0.0500081
internal_weight=0.237087 0.208669 0.189846 0.0552232 0.134623 0.018823 0.012341 0.00648201 0.0284179 0.0253468 0.013641 0.0117057 0.0030711
internal_count=21148 1364 856 393 463 508 427 81 19784 18048 4848 13200 1736
is_linear=0
shrinkage=0.05


Tree=133
num_leaves=13
num_cat=0
split_feature=2 9 13 9 16 13 13 2 2 9 9 5
split_gain=0.0309668 0.0155746 0.0147518 0.021862 0.00094405 0.000738019 0.000462237 0.00136909 1.12572e-05 1.2646e-08 1.06698e-08 3.60991e-09
threshold=0.50321573019027721 1.5000000000000002 0.53726795315742504 15.500000000000002 1761.6799926757815 0.47771476209163671 0.94910207390785228 0.48681586980819708 0.50228208303451549 1.0000000180025095e-35 16.500000000000004 0.15589569509029391
decision_type=2 2 2 2 2 2 2 2 2 2 2 2
left_child=6 4 5 -4 9 -3 8 11 10 -2 -1 -8
right_child=1 2 3 -5 -6 -7 7 -9 -10 -11 -12 -13
leaf_value=-0.050005325868492094 -0.050005326115635296 0.036098435508942477 0.04412693211026928 -0.0040062533051119171 0.00050595680575896401 0.05247507579490597 -0.050125591846701956 0.015604318171272506 -0.052333012025957693 -0.050173429050220555 -0.050112624813608481 -0.050012506723338616
leaf_weight=0.01470672154019681 0.010609976083088668 0.013310702464309543 0.028937330238022696 0.12767994164323682 0.0010025204132197993 0.014238628217640326 0.0011522990135688351 0.0010831011786400779 0.0075499707487551851 0.0012506483957395184 0.0027501323021823501 0.0018208757145430354
leaf_count=12046 6030 70 72 584 310 34 55 220 70 34 308 1315
internal_value=5.56447e-11 0.00710689 0.0108221 0.00488706 -0.046085 0.0445626 -0.0481803 -0.0325237 -0.0507199 -0.0500231 -0.0500222 -0.0500563
internal_weight=0.226093 0.19703 0.184167 0.156617 0.0128631 0.0275493 0.0290631 0.00405628 0.0250068 0.0118606 0.0174569 0.00297317
internal_count=21148 7134 760 656 6374 104 14014 1590 12424 6064 12354 1370
is_linear=0
shrinkage=0.05


Tree=134
num_leaves=14
num_cat=0
split_feature=9 2 13 9 0 13 6 2 16 16 16 5 12
split_gain=0.0292733 0.0146033 0.0136152 0.0177842 0.000840537 0.00066744 0.00100644 3.81385e-06 8.42883e-12 4.63437e-12 6.23191e-12 1.43007e-12 1.31399e-12
threshold=1.0000000180025095e-35 0.50321573019027721 0.53726795315742504 15.500000000000002 0.60321986675262462 0.94910207390785228 18.500000000000004 0.50228208303451549 1576.4180908203127 302.08424377441412 261.67428588867193 0.25253438949584966 0.79529801011085521
decision_type=2 2 2 2 2 2 2 2 2 2 2 2 2
left_child=8 5 4 -4 -3 7 -7 -2 9 10 -1 -11 -10
right_child=1 2 3 -5 -6 6 -8 -9 12 11 -12 -13 -14
leaf_value=-0.050004715257805005 -0.050097897693521035 0.033549409709185983 0.039778827974913687 -0.003660699177674915 0.051598384979986311 0.016007231474700241 -0.050105355128178868 -0.052250513592181497 -0.050008663421363432 -0.050004251709454321 -0.050007256844763648 -0.050002801028553458 -0.050006500164187666
leaf_weight=0.0091724401661288368 0.0029096606793501678 0.011483851754746865 0.029146631803882883 0.12295940257990878 0.014717013945755753 0.0010008139069555009 0.001355047104851792 0.0070269499710775563 0.0014694119365721283 0.0083921383744183231 0.0032722923970069937 0.0021300280486720178 0.001344040131968427
leaf_count=3936 418 21 108 584 83 87 61 2 708 5250 912 7950 1028
internal_value=-3.71982e-10 0.00676365 0.0103975 0.0046632 0.0436875 -0.0459472 -0.0220195 -0.0516202 -0.050005 -0.0500047 -0.0500054 -0.050004 -0.0500076
internal_weight=0.21638 0.190599 0.178307 0.152106 0.0262009 0.0122925 0.00235586 0.00993661 0.0257804 0.0229669 0.0124447 0.0105222 0.00281345
internal_count=21148 1364 796 692 104 568 148 420 19784 18048 4848 13200 1736
is_linear=0
shrinkage=0.05


Tree=135
num_leaves=15
num_cat=0
split_feature=5 13 4 18 5 4 18 17 12 2 9 17 16 16
split_gain=0.0278807 0.0229293 0.0175203 0.0226792 0.0181397 0.0181266 0.010241 0.00716373 0.00472465 0.00309198 0.00656444 0.00153454 0.00040886 2.15994e-08
threshold=0.055883884429931648 0.961309313774109 0.010571524500846865 1.3711274266242983 0.026834487915039066 0.0058342665433883676 1.2927447557449343 235893.50000000003 0.99311551451683056 0.55932754278182995 16.500000000000004 297404.00000000006 231.78425598144534 102.79310607910158
decision_type=2 2 2 2 2 2 2 2 2 2 2 2 2 2
left_child=2 9 5 4 -4 7 13 -1 -8 12 -11 -7 -2 -3
right_child=1 6 3 -5 -6 11 8 -9 -10 10 -12 -13 -14 -15
leaf_value=0.0014267808443540356 -0.034672335473010775 -0.050313779582248502 0.049646074048636156 -0.045120361043967439 -0.029754135412608629 -0.027109452128789374 0.048178982185238417 0.051709618412779303 -0.050311222792103927 -0.050272686700276861 0.012788383305268726 -0.052311490268994655 -0.050425947823127898 -0.050049194950371571
leaf_weight=0.022840437353856657 0.0046852746558130312 0.0010515577591192473 0.057964904596353506 0.0089239553415865203 0.0082124243344203762 0.011870078643170245 0.014500448272222854 0.010267598694994717 0.0013292782256257843 0.0094836700865670309 0.007306037866328551 0.012298029005648914 0.034055711017094481 0.0028947519069628669
leaf_count=85 2332 60 644 64 193 79 349 27 18 2416 38 17 13518 1308
internal_value=-3.70112e-10 -0.024289 0.0138175 0.0297029 0.0397927 -0.0070116 0.0219433 0.0170207 0.0399084 -0.0407536 -0.0228317 -0.0399336 -0.0485207 -0.0501197
internal_weight=0.207684 0.0753067 0.132377 0.0751013 0.0661773 0.0572761 0.019776 0.033108 0.0158297 0.0555307 0.0167897 0.0241681 0.038741 0.00394631
internal_count=21148 20039 1109 901 837 208 1735 112 367 18304 2454 96 15850 1368
is_linear=0
shrinkage=0.05


Tree=136
num_leaves=12
num_cat=0
split_feature=9 0 9 5 2 5 17 0 9 16 16
split_gain=0.0258357 0.0125021 0.0114828 0.0192659 0.0131739 0.00067659 6.80247e-08 2.17954e-08 1.10508e-08 8.43463e-09 5.51571e-12
threshold=1.5000000000000002 0.66704505681991588 16.500000000000004 0.10674187541007997 0.50903290510177623 0.026834487915039066 300419.00000000006 0.72845035791397106 1.0000000180025095e-35 755.06967163085949 1576.4180908203127
decision_type=2 2 2 2 2 2 2 2 2 2 2
left_child=5 2 3 -2 -4 -1 7 -3 10 -8 -7
right_child=1 6 4 -5 -6 8 9 -9 -10 -11 -12
leaf_value=-0.011219259203235077 0.051033921500904647 0.05017943921070981 -0.042818227028316794 -0.016587717250350738 0.0022566604843650448 -0.050004222447830704 0.050215196977968626 0.050029239834167294 -0.050164172984936001 0.050356181066002585 -0.05000674580009188
leaf_weight=0.0011813699846214823 0.026518781629420118 0.0046297341103809231 0.019951023275815771 0.017473553824970622 0.086449638120484451 0.01955945647467594 0.0014240397727007812 0.0050496289917418835 0.0011397810951621059 0.004159959545518177 0.0024352689006761344
leaf_count=208 38 79 318 321 145 17858 71 346 34 10 1720
internal_value=1.0817e-09 0.00706442 0.0026885 0.0241749 -0.00619526 -0.0481276 0.0501813 0.0501011 -0.0500124 0.0503202 -0.0500045
internal_weight=0.189972 0.165656 0.150393 0.0439923 0.106401 0.0243159 0.0152634 0.00967936 0.0231345 0.005584 0.0219947
internal_count=21148 1328 822 359 463 19820 506 425 19612 81 19578
is_linear=0
shrinkage=0.05


Tree=137
num_leaves=13
num_cat=0
split_feature=9 0 2 13 13 17 0 16 17 12 5 16
split_gain=0.0243229 0.012079 0.00973028 0.0128211 0.000512164 5.50525e-08 1.74032e-08 6.647e-09 5.97707e-12 3.58022e-12 2.2931e-12 2.13184e-12
threshold=1.0000000180025095e-35 0.66704505681991588 0.50321573019027721 0.53726795315742504 0.94910207390785228 300419.00000000006 0.72845035791397106 755.06967163085949 173416.50000000003 0.79529801011085521 0.29798866808414465 1576.4180908203127
decision_type=2 2 2 2 2 2 2 2 2 2 2 2
left_child=8 2 4 -4 -2 6 -3 -7 9 -1 11 -10
right_child=1 5 3 -5 -6 7 -8 -9 10 -11 -12 -13
leaf_value=-0.05000807854303492 -0.051327961523409016 0.050163900017099174 0.04258728538269347 -0.00060269586257554267 -0.022776832184090975 0.050202467256487283 0.050027747302551155 0.050332950134424792 -0.050004070319205333 -0.050004357716846443 -0.05000223520798755 -0.050006046332325631
leaf_weight=0.0016202929720954265 0.007878728562658921 0.0047350654527917868 0.020208610774716362 0.11477021414077626 0.0019618564898991062 0.0013082011118967793 0.0046537388242313682 0.0038437849181036654 0.015692675158739178 0.0010757191039658665 0.0015517247030825123 0.0014949824115539903
leaf_count=450 420 81 36 255 145 71 346 10 8980 1404 8238 712
internal_value=-6.09001e-10 0.00672604 0.00236415 0.00586357 -0.0456359 0.0501685 0.0500964 0.0502998 -0.0500044 -0.0500066 -0.0500041 -0.0500042
internal_weight=0.180796 0.15936 0.144819 0.134979 0.00984059 0.0145408 0.0093888 0.00515199 0.0214354 0.00269601 0.0187394 0.0171877
internal_count=21148 1364 856 291 565 508 427 81 19784 1854 17930 9692
is_linear=0
shrinkage=0.05


Tree=138
num_leaves=13
num_cat=0
split_feature=9 0 9 5 13 17 0 16 17 12 5 16
split_gain=0.0228652 0.0114354 0.0105759 0.0156091 0.0112933 4.65057e-08 1.47104e-08 5.44694e-09 5.07553e-12 3.05867e-12 1.82346e-12 1.82611e-12
threshold=1.0000000180025095e-35 0.66704505681991588 16.500000000000004 0.12912064790725711 0.53726795315742504 300419.00000000006 0.72845035791397106 755.06967163085949 173416.50000000003 0.79529801011085521 0.29798866808414465 1576.4180908203127
decision_type=2 2 2 2 2 2 2 2 2 2 2 2
left_child=8 2 3 -2 -4 6 -3 -7 9 -1 11 -10
right_child=1 5 4 -5 -6 7 -8 -9 10 -11 -12 -13
leaf_value=-0.050007696510983329 0.036154193900777912 0.050156200517029514 0.023123896724402706 -0.050099151110375106 -0.016246940996201331 0.050194115768117886 0.050027117908128541 0.050315670658402423 -0.050003885514383818 -0.05000415852426409 -0.050002185145833544 -0.050005767227129849
leaf_weight=0.0015319454864837203 0.035527279769667075 0.0044681928636691737 0.024108437248486325 0.006153799075434562 0.07449951935577559 0.0012343409293862359 0.0043616177661078837 0.0036375790044758105 0.014821691968032624 0.0010160544947428463 0.0014273076342714566 0.0014121553002581768
leaf_count=450 51 81 116 342 347 71 346 10 8980 1404 8238 712
internal_value=-1.27016e-09 0.00656236 0.00230418 0.0234197 -0.00662125 0.0501609 0.0500924 0.0502849 -0.0500042 -0.0500063 -0.0500039 -0.050004
internal_weight=0.1742 0.153991 0.140289 0.0416811 0.098608 0.0137017 0.00882981 0.00487192 0.0202092 0.002548 0.0176612 0.0162338
internal_count=21148 1364 856 393 463 508 427 81 19784 1854 17930 9692
is_linear=0
shrinkage=0.05


Tree=139
num_leaves=12
num_cat=0
split_feature=2 9 13 9 0 5 13 6 0 0 9
split_gain=0.0223887 0.0106613 0.00992434 0.01528 0.000654644 0.000565605 0.000326349 0.000630792 4.96158e-06 5.36011e-09 5.09724e-09
threshold=0.50321573019027721 1.5000000000000002 0.53726795315742504 15.500000000000002 0.60321986675262462 0.026834487915039066 0.94910207390785228 17.500000000000004 0.5024266541004182 0.62686592340469371 16.500000000000004
decision_type=2 2 2 2 2 2 2 2 2 2 2
left_child=6 5 4 -4 -3 -2 8 -8 10 -7 -1
right_child=1 2 3 -5 -6 9 7 -9 -10 -11 -12
leaf_value=-0.050004140828450921 -0.010699292699258969 0.032986403297114907 0.043422725861052988 -0.0036117783482357379 0.051301396460497466 -0.050004446016297416 -0.00084506751650377944 -0.050050785928921718 -0.051810893960946319 -0.050127391283435255 -0.050091322374443775
leaf_weight=0.01076484179462156 0.001032238031555722 0.0087277524435194209 0.021095589444826146 0.095156720800105177 0.011064071838006839 0.0070070604128602554 0.0010189466946002304 0.0018052669702530721 0.0055308833888911826 0.0010149317093191002 0.0019858807129793385
leaf_count=12060 207 21 72 584 83 5239 647 943 67 928 297
internal_value=3.79585e-10 0.00699896 0.0104954 0.00492328 0.0432249 -0.0455372 -0.0481165 -0.0322979 -0.0505602 -0.05002 -0.0500177
internal_weight=0.166204 0.145098 0.136044 0.116252 0.0197918 0.00905423 0.0211058 0.00282421 0.0182816 0.00802199 0.0127507
internal_count=21148 7134 760 656 104 6374 14014 1590 12424 6167 12357
is_linear=0
shrinkage=0.05


Tree=140
num_leaves=12
num_cat=0
split_feature=2 9 13 9 0 13 6 0 9 17 5
split_gain=0.0211607 0.0100516 0.00919033 0.0126706 0.000725444 0.00030799 0.000538374 4.25576e-06 4.41011e-09 4.50886e-12 4.00251e-13
threshold=0.50321573019027721 1.0000000180025095e-35 0.53726795315742504 16.500000000000004 0.60321986675262462 0.94910207390785228 18.500000000000004 0.5024266541004182 16.500000000000004 173416.50000000003 0.13625393062829974
decision_type=2 2 2 2 2 2 2 2 2 2 2
left_child=5 9 4 -4 -3 7 -7 8 -1 -2 -11
right_child=1 2 3 -5 -6 6 -8 -9 -10 10 -12
leaf_value=-0.050003956795105234 -0.050007195951391671 0.031523222386952765 0.029445951807391402 -0.0066185314924017474 0.051228728776911661 -0.0040676039431146787 -0.050050014392080136 -0.05172554640087762 -0.050087320736050656 -0.050003827562024587 -0.050002765503125657
leaf_weight=0.010226721164524832 0.0010434600068496272 0.0084857823967467993 0.035468068135969588 0.077723697550027282 0.010388191403819746 0.0010352796919406151 0.0016528483119184756 0.005213998059952373 0.0018777727842831391 0.005239732145669862 0.0010679031408926676
leaf_count=12060 448 21 172 520 83 721 869 67 297 1837 4053
internal_value=-1.06979e-09 0.00690062 0.0100681 0.00468209 0.0423691 -0.0480872 -0.0323408 -0.0505313 -0.0500169 -0.0500042 -0.0500036
internal_weight=0.159423 0.139417 0.132066 0.113192 0.018874 0.0200066 0.00268813 0.0173185 0.0121045 0.0073511 0.00630764
internal_count=21148 7134 796 692 104 14014 1590 12424 12357 6338 5890
is_linear=0
shrinkage=0.05


Tree=141
num_leaves=15
num_cat=0
split_feature=5 13 4 18 5 13 13 18 2 2 9 16 4 12
split_gain=0.0201878 0.0172772 0.0122978 0.0170707 0.0126822 0.012521 0.016705 0.00743423 0.00225293 0.00214516 0.00484543 0.000324147 0.000110231 5.59083e-09
threshold=0.055883884429931648 0.961309313774109 0.010571524500846865 1.3711274266242983 0.026834487915039066 0.94910207390785228 0.48804615437984472 1.2927447557449343 0.52973696589469921 0.55932754278182995 16.500000000000004 231.78425598144534 0.0010704100131988528 0.92341160774230968
decision_type=2 2 2 2 2 2 2 2 2 2 2 2 2 2
left_child=2 9 5 4 -4 6 -1 13 -9 11 -11 -2 -7 -3
right_child=1 7 3 -5 -6 12 -8 8 -10 10 -12 -13 -14 -15
leaf_value=0.051229161394449753 -0.034198901734834961 -0.050041843865911963 0.049643346816228257 -0.044881121366203015 -0.028154562211139461 0.05140712985089943 -0.037637874938366851 0.048337695470646064 -0.018820324476514553 -0.05023070620647388 0.012410498458801345 -0.050324115359244852 0.040413626114687198 -0.050188847823985319
leaf_weight=0.006561510238316969 0.0035639549914847626 0.0018252673608856193 0.041925903272048259 0.0067729886672580611 0.0059863573174805387 0.0041471050899417605 0.027250047841103964 0.010328303602195277 0.001420556414529984 0.0072411981600097874 0.0053812861187907401 0.024824786099117091 0.0050652020485308924 0.0010017517380607188
leaf_count=31 2332 1118 644 64 193 2 132 298 69 2416 38 13518 43 250
internal_value=2.49704e-10 -0.0240563 0.0136857 0.0294196 0.039923 -0.00631276 -0.0203922 0.0227015 0.0402176 -0.0406746 -0.0235252 -0.0482997 0.0453626 -0.0500939
internal_weight=0.153296 0.0555871 0.0977091 0.0546852 0.0479123 0.0430239 0.0338116 0.0145759 0.0117489 0.0410112 0.0126225 0.0283887 0.00921231 0.00282702
internal_count=21148 20039 1109 901 837 208 163 1735 367 18304 2454 15850 45 1368
is_linear=0
shrinkage=0.05


Tree=142
num_leaves=13
num_cat=0
split_feature=9 0 2 13 13 17 0 16 17 12 16 16
split_gain=0.0186096 0.0097992 0.0074399 0.00847213 0.000379662 3.58623e-08 1.06683e-08 3.79727e-09 4.02967e-12 1.38164e-12 1.04987e-12 1.11949e-12
threshold=1.0000000180025095e-35 0.66704505681991588 0.50321573019027721 0.53726795315742504 0.94910207390785228 300419.00000000006 0.72845035791397106 755.06967163085949 178684.50000000003 0.76068332791328441 1576.4180908203127 286.02973937988287
decision_type=2 2 2 2 2 2 2 2 2 2 2 2
left_child=8 2 4 -4 -2 6 -3 -7 9 -1 11 -10
right_child=1 5 3 -5 -6 7 -8 -9 10 -11 -12 -13
leaf_value=-0.050006581228028216 -0.051084082183750358 0.050144061723929247 0.040560109972290592 -0.00024512513585544474 -0.023015492210685409 0.050186003106052104 0.050023636587094571 0.050294326443890841 -0.050003549710494366 -0.050004247683262948 -0.050004677639741174 -0.050002599021223962
leaf_weight=0.0013029516654734499 0.0061279470377542103 0.0038528712959760014 0.014847268046651152 0.088798497716197744 0.0014995569533020614 0.0010741770857976007 0.0035185832369961645 0.0032776751945675642 0.0072470900552890072 0.0012360566094535841 0.0012229477304597234 0.005406856644637692
leaf_count=904 420 81 36 255 145 71 346 10 4270 1914 1350 11346
internal_value=6.936e-10 0.0066738 0.00209292 0.00560023 -0.0455658 0.0501538 0.0500866 0.0502676 -0.0500036 -0.0500054 -0.0500033 -0.0500031
internal_weight=0.139412 0.122997 0.111273 0.103646 0.0076275 0.0117233 0.00737145 0.00435185 0.0164159 0.00253901 0.0138769 0.0126539
internal_count=21148 1364 856 291 565 508 427 81 19784 2818 16966 15616
is_linear=0
shrinkage=0.05


Tree=143
num_leaves=13
num_cat=0
split_feature=9 0 9 5 2 17 0 16 17 12 16 16
split_gain=0.0175011 0.00929334 0.00746216 0.0130594 0.00889899 3.03531e-08 9.03278e-09 3.12903e-09 3.43772e-12 1.18198e-12 8.97508e-13 9.32683e-13
threshold=1.0000000180025095e-35 0.66704505681991588 16.500000000000004 0.094373971223831191 0.50903290510177623 300419.00000000006 0.72845035791397106 755.06967163085949 178684.50000000003 0.76068332791328441 1576.4180908203127 286.02973937988287
decision_type=2 2 2 2 2 2 2 2 2 2 2 2
left_child=8 2 3 -2 -4 6 -3 -7 9 -1 11 -10
right_child=1 5 4 -5 -6 7 -8 -9 10 -11 -12 -13
leaf_value=-0.050006273141640668 0.047827109879623159 0.050137272678920236 -0.042399549770680604 -0.016256846988821471 0.0016245924662761707 0.050178056693264639 0.050023110572350885 0.05027917019939987 -0.050003384344887325 -0.050004051814005447 -0.05000446424667046 -0.050002490349137313
leaf_weight=0.001230499261578367 0.019612302476161858 0.0036399561336111219 0.014152178179436703 0.01336921098408439 0.060767594877233932 0.0010154987627402079 0.0033067340625621 0.0031032534893711272 0.0068523451738355945 0.0011666477924929808 0.0011535458915599159 0.0050805025444402574
leaf_count=904 39 81 318 354 145 71 346 10 4270 1914 1350 11346
internal_value=8.6853e-11 0.00650796 0.00203274 0.0218504 -0.00669147 0.0501467 0.0500829 0.0502542 -0.0500035 -0.0500052 -0.0500031 -0.050003
internal_weight=0.13445 0.118967 0.107901 0.0329815 0.0749198 0.0110654 0.00694669 0.00411875 0.0154835 0.00239715 0.0130864 0.0119328
internal_count=21148 1364 856 393 463 508 427 81 19784 2818 16966 15616
is_linear=0
shrinkage=0.05


Tree=144
num_leaves=13
num_cat=0
split_feature=9 0 9 5 16 17 0 16 17 12 16 16
split_gain=0.0165032 0.00864895 0.00701253 0.011589 0.00798821 2.40721e-08 7.71877e-09 1.8382e-09 2.88814e-12 9.60059e-13 7.2704e-13 8.91709e-13
threshold=1.0000000180025095e-35 0.66704505681991588 16.500000000000004 0.050660187378525741 444.40925598144537 300419.00000000006 0.72845035791397106 798.51828002929699 178684.50000000003 0.76068332791328441 1576.4180908203127 286.02973937988287
decision_type=2 2 2 2 2 2 2 2 2 2 2 2
left_child=8 2 3 -2 -4 6 -3 -7 9 -1 11 -10
right_child=1 5 4 -5 -6 7 -8 -9 10 -11 -12 -13
leaf_value=-0.050005967196978453 0.050749688434284179 0.050131188718423106 0.014704773704357747 -0.01041709687799402 -0.019525728315081252 0.05019517206794008 0.050021958038951757 0.0502662190719812 -0.050003279103806614 -0.050003898269642889 -0.050004253626430677 -0.050002379448679385
leaf_weight=0.0011598887064403493 0.016440491613138875 0.0034281588419275977 0.027558291244581312 0.014639266423717601 0.04467056080160603 0.0015084403017908699 0.0030618413256320309 0.0022964190209222579 0.0065192261750937064 0.0010854664082726728 0.0010858031361173923 0.0047692465912625437
leaf_count=904 34 81 84 359 379 75 346 6 4270 1914 1350 11346
internal_value=1.85081e-10 0.00643493 0.00207983 0.0219388 -0.00646538 0.0501382 0.0500797 0.0502381 -0.0500033 -0.050005 -0.050003 -0.0500029
internal_weight=0.128223 0.113603 0.103309 0.0310798 0.0722289 0.0102949 0.00649 0.00380486 0.0146196 0.00224536 0.0123743 0.0112885
internal_count=21148 1364 856 393 463 508 427 81 19784 2818 16966 15616
is_linear=0
shrinkage=0.05


Tree=145
num_leaves=12
num_cat=0
split_feature=2 9 9 13 16 13 0 5 6 0 9
split_gain=0.0157454 0.00761032 0.007272 0.0109997 0.000322629 0.000218873 0.000260488 2.12036e-05 1.96493e-06 2.48767e-09 2.23229e-09
threshold=0.50321573019027721 1.5000000000000002 17.500000000000004 0.69319939613342296 1501.7779541015627 0.94910207390785228 0.46657137572765356 0.015891849994659427 6.5000000000000009 0.63137039542198192 16.500000000000004
decision_type=2 2 2 2 2 2 2 2 2 2 2
left_child=5 4 3 -3 9 8 -7 -4 -1 -2 -10
right_child=1 2 7 -5 -6 6 -8 -9 10 -11 -12
leaf_value=-0.051358538150332957 -0.050003182869244336 0.044766291792580681 -0.033495064985300339 0.0044967196700805801 -0.01921125042871652 -0.050027101045316894 -0.014594531629809327 -0.028179008634906286 -0.050003240859388433 -0.050089007892675619 -0.05007195693366534
leaf_weight=0.0038854613048098239 0.0045574583120790981 0.02247034619773558 0.0067045664711713471 0.069122850875771746 0.001002040141862004 0.0010751411826790411 0.0010022489127248235 0.0026043487298466061 0.0076345788914196078 0.0010362989050216598 0.0013983548727480866
leaf_count=141 4684 240 68 446 914 1107 483 6 11982 776 301
internal_value=3.13407e-10 0.00669536 0.0100967 0.014376 -0.0453387 -0.047996 -0.0329325 -0.0320078 -0.0504183 -0.0500191 -0.0500139
internal_weight=0.122494 0.107498 0.100902 0.0915932 0.0065958 0.0149958 0.00207739 0.00930892 0.0129184 0.00559376 0.00903293
internal_count=21148 7134 760 686 6374 14014 1590 74 12424 5460 12283
is_linear=0
shrinkage=0.05


Tree=146
num_leaves=11
num_cat=0
split_feature=2 0 13 13 9 13 13 16 6 9
split_gain=0.0147794 0.00724457 0.00735185 0.0121933 0.00711983 0.000213261 1.67012e-05 8.12629e-06 1.64769e-06 1.89352e-09
threshold=0.50321573019027721 0.66704505681991588 0.48804615437984472 0.74932843446731578 16.500000000000004 0.94910207390785228 0.85507187247276317 1202.6912841796877 6.5000000000000009 16.500000000000004
decision_type=2 2 2 2 2 2 2 2 2 2
left_child=5 2 4 -4 -2 8 7 -3 -1 -10
right_child=1 6 3 -5 -6 -7 -8 -9 9 -11
leaf_value=-0.051284379823966289 -0.0500373632768015 0.049835241283457461 -0.041254188035778183 0.0066134640439599176 0.051378758281916431 -0.03265501783803023 0.042567240416272266 0.045084833293553631 -0.050003049409073602 -0.050068199530542007
leaf_weight=0.0036303426109842727 0.002033059675259353 0.0072805594273788188 0.01680995990952816 0.063785245965279458 0.011632470596850908 0.0019685137332956524 0.0010542471610683899 0.0010272935668300676 0.0072363176694789644 0.0013184750865598005
leaf_count=141 834 362 2204 3119 16 1590 228 371 11982 301
internal_value=-2.00105e-10 0.00654598 0.0023795 -0.00337042 0.0362908 -0.047925 0.0484955 0.0492478 -0.0503918 -0.0500131
internal_weight=0.117776 0.103623 0.0942607 0.0805952 0.0136655 0.0141536 0.0093621 0.00830785 0.0121851 0.00855479
internal_count=21148 7134 6173 5323 850 14014 961 733 12424 12283
is_linear=0
shrinkage=0.05


Tree=147
num_leaves=11
num_cat=0
split_feature=2 0 13 13 9 13 17 13 6 9
split_gain=0.014086 0.006759 0.00657746 0.0109771 0.00654751 0.000215673 1.45076e-05 5.69341e-06 1.38213e-06 1.60512e-09
threshold=0.50321573019027721 0.66704505681991588 0.48804615437984472 0.74932843446731578 16.500000000000004 0.94910207390785228 185916.00000000003 0.66479855775833141 6.5000000000000009 16.500000000000004
decision_type=2 2 2 2 2 2 2 2 2 2
left_child=5 2 4 -4 -2 8 -3 -8 -1 -10
right_child=1 6 3 -5 -6 -7 7 -9 9 -11
leaf_value=-0.051211949155808435 -0.050032894175289236 0.043690583744774372 -0.040412287714008011 0.0064973470350449718 0.051279280516046882 -0.03219069742972918 0.04986168447913273 0.045885448557142501 -0.050002944500253166 -0.050064610363714825
leaf_weight=0.0033835927727441381 0.0018758250361781146 0.0013650029542411346 0.015621408182739493 0.061838546283068396 0.01064296069489501 0.0018994932780298521 0.0063682617283173926 0.0010484811095388125 0.0070211421039481081 0.0012419148427689208
leaf_count=141 834 325 2204 3119 16 1590 289 347 11982 301
internal_value=-2.88271e-10 0.00655809 0.0024717 -0.00296295 0.0360986 -0.0478129 0.0484277 0.0492996 -0.0503608 -0.0500122
internal_weight=0.112307 0.0987605 0.0899787 0.07746 0.0125188 0.0135461 0.00878175 0.00741674 0.0116466 0.00826306
internal_count=21148 7134 6173 5323 850 14014 961 636 12424 12283
is_linear=0
shrinkage=0.05


Tree=148
num_leaves=12
num_cat=0
split_feature=9 0 9 5 16 17 0 16 17 18 16
split_gain=0.0134044 0.00681681 0.00773758 0.00967996 0.00729877 1.30711e-08 4.27122e-09 9.53109e-10 2.27051e-12 3.27875e-13 3.89308e-13
threshold=1.0000000180025095e-35 0.66704505681991588 16.500000000000004 0.12912064790725711 444.40925598144537 300419.00000000006 0.72845035791397106 798.51828002929699 178684.50000000003 1.0241464972496035 286.02973937988287
decision_type=2 2 2 2 2 2 2 2 2 2 2
left_child=8 2 3 -2 -4 6 -3 -7 -1 -10 -11
right_child=1 5 4 -5 -6 7 -8 -9 9 10 -12
leaf_value=-0.05000445332156727 0.036282246142081136 0.050110208008382486 0.014435336596306992 -0.050067276559055907 -0.0214755921563997 0.050164618921292925 0.050018470144289999 0.050222361925426284 -0.050003249613720192 -0.050002707329592069 -0.050002018016150875
leaf_weight=0.0018670933118567499 0.023410173581851268 0.0027616879962977237 0.022809664073758285 0.0037679824857494984 0.037266710764125577 0.0011785936341652814 0.0023471646058510487 0.0018153841712091889 0.0014517528455177961 0.0052272954618119982 0.0033681449860996082
leaf_count=2818 51 81 84 342 379 75 346 6 2088 4270 10608
internal_value=1.57149e-09 0.00624754 0.00217366 0.0243107 -0.00784101 0.0501167 0.0500681 0.0501996 -0.0500029 -0.0500026 -0.0500024
internal_weight=0.107272 0.0953574 0.0872545 0.0271782 0.0600764 0.00810283 0.00510885 0.00299398 0.0119143 0.0100472 0.00859544
internal_count=21148 1364 856 393 463 508 427 81 19784 16966 14878
is_linear=0
shrinkage=0.05


Tree=149
num_leaves=11
num_cat=0
split_feature=2 9 9 13 5 16 13 6 9 0
split_gain=0.012765 0.0060839 0.00597198 0.0113706 0.0014707 0.000232474 0.000201231 1.13588e-06 1.36141e-09 1.27737e-09
threshold=0.50321573019027721 1.5000000000000002 15.500000000000002 0.53726795315742504 0.12632219493389132 1383.9946289062502 0.94910207390785228 6.5000000000000009 16.500000000000004 0.61996859312057506
decision_type=2 2 2 2 2 2 2 2 2 2
left_child=6 5 4 -4 -3 9 7 -1 -9 -2
right_child=1 2 3 -5 -6 -7 -8 8 -10 -11
leaf_value=-0.051144712681305299 -0.05000274874258244 0.050408692882189979 0.051096862451171648 -0.0051208336013424177 0.018921364546622185 -0.023320341948882977 -0.031927087436824785 -0.050002730868931658 -0.050061767459772255 -0.05006692014340236
leaf_weight=0.0031521223589932035 0.0033671028437751707 0.0093205685265047578 0.010628671793710964 0.058500786906620306 0.006158996498925263 0.0010022378264240572 0.00172386221997023 0.006270776394556421 0.0011566502460489403 0.0010075357891450309
leaf_count=141 4258 73 68 584 35 1224 1590 11982 301 892
internal_value=-5.15667e-10 0.00653116 0.00980857 0.00352265 0.0378805 -0.0450412 -0.0477682 -0.0503494 -0.0500119 -0.0500175
internal_weight=0.102289 0.0899859 0.084609 0.0691295 0.0154796 0.00537688 0.0123034 0.0105795 0.00742743 0.00437464
internal_count=21148 7134 760 652 108 6374 14014 12424 12283 5150
is_linear=0
shrinkage=0.05


Tree=150
num_leaves=10
num_cat=0
split_feature=2 0 13 13 13 17 2 6 9
split_gain=0.0121013 0.00589291 0.00584663 0.0070935 0.000198654 1.56684e-05 5.11321e-06 9.81436e-07 1.18422e-09
threshold=0.50321573019027721 0.66704505681991588 0.99566602706909191 0.48804615437984472 0.94910207390785228 185916.00000000003 0.70235460996627819 6.5000000000000009 16.500000000000004
decision_type=2 2 2 2 2 2 2 2 2
left_child=4 2 3 -2 7 -3 -7 -1 -9
right_child=1 5 -4 -5 -6 6 -8 8 -10
leaf_value=-0.05109329038926811 0.03630025212271986 0.043015799141193266 0.051118378400160452 -0.0078722144236267194 -0.031718987268749929 0.046513893953234769 0.04997644070540011 -0.05000261365311684 -0.050059104563133873
leaf_weight=0.002980382987480823 0.010642089340579197 0.0011895216605974914 0.0057090995833277694 0.062261282191071299 0.0016720461865662459 0.001345192645597848 0.0051409961964328232 0.0059672919343078945 0.001098500144829373
leaf_count=141 850 325 4 5319 1590 288 348 11982 301
internal_value=2.84228e-10 0.00647462 0.00239169 -0.00142413 -0.0476765 0.0482909 0.0492583 -0.0503324 -0.0500114
internal_weight=0.0980064 0.0862882 0.0786125 0.0729034 0.0117182 0.00767571 0.00648619 0.0100462 0.00706579
internal_count=21148 7134 6173 6169 14014 961 636 12424 12283
is_linear=0
shrinkage=0.05


Tree=151
num_leaves=12
num_cat=0
split_feature=9 0 9 5 16 17 0 4 17 18 16
split_gain=0.0117453 0.00597605 0.00657737 0.00833253 0.00622824 1.04958e-08 3.0394e-09 7.12553e-10 1.9931e-12 2.9363e-13 2.02051e-13
threshold=1.0000000180025095e-35 0.66704505681991588 16.500000000000004 0.12912064790725711 444.40925598144537 300419.00000000006 0.72845035791397106 0.096084974706172957 178684.50000000003 1.0241464972496035 286.02973937988287
decision_type=2 2 2 2 2 2 2 2 2 2 2
left_child=8 2 3 -2 -4 6 -3 -7 -1 -10 -11
right_child=1 5 4 -5 -6 7 -8 -9 9 10 -12
leaf_value=-0.050004192840473353 0.035704706657869789 0.050100307363894862 0.014256158328432826 -0.050059334880194428 -0.0210524389887243 0.050167615156177583 0.050016588009726616 0.050220378426846526 -0.050002997668712301 -0.050002392742127234 -0.050001861282890886
leaf_weight=0.0016595889512318615 0.020633778423189142 0.0024020878996964248 0.020129514425718753 0.0032826441573270406 0.032906599498833344 0.0016915768383114482 0.0019758760608681314 0.0010291816455492153 0.0012983740635332808 0.004535115855081262 0.0029528091495536479
leaf_count=2818 51 81 84 342 379 47 346 34 2088 4270 10608
internal_value=-2.24093e-10 0.00621432 0.00216499 0.0239332 -0.00765129 0.0501105 0.0500625 0.0501876 -0.0500026 -0.0500023 -0.0500022
internal_weight=0.0944971 0.0840513 0.0769525 0.0239164 0.0530361 0.00709872 0.00437796 0.00272076 0.0104459 0.0087863 0.00748793
internal_count=21148 1364 856 393 463 508 427 81 19784 16966 14878
is_linear=0
shrinkage=0.05


Tree=152
num_leaves=11
num_cat=0
split_feature=2 9 13 9 0 13 4 6 9 13
split_gain=0.0111236 0.00546956 0.00500316 0.00939451 0.000392217 0.000184515 0.000174602 8.43018e-07 1.04135e-09 4.4233e-10
threshold=0.50321573019027721 1.5000000000000002 0.53726795315742504 15.500000000000002 0.60321986675262462 0.94910207390785228 0.019615769386291507 6.5000000000000009 16.500000000000004 0.93281531333923351
decision_type=2 2 2 2 2 2 2 2 2 2
left_child=5 6 4 -4 -3 7 9 -1 -9 -2
right_child=1 2 3 -5 -6 -7 -8 8 -10 -11
leaf_value=-0.051047756247958966 -0.050002576634080233 0.031057046876700797 0.043731895916990629 -0.0046918953068586754 0.05082543981548953 -0.031628046089134033 -0.026581136057526017 -0.050002419740098385 -0.050057191216208601 -0.050041210174463037
leaf_weight=0.002825809975763427 0.0028130189254347284 0.0044150679113954538 0.012408418759292772 0.051949895138022839 0.0058123789180797303 0.0015387607423167369 0.0010040687196997133 0.0053806074230817735 0.0010346971136385719 0.001005805539432636
leaf_count=141 3954 21 72 584 83 1590 1491 11982 301 929
internal_value=1.08734e-10 0.00646978 0.00980664 0.00464431 0.0422917 -0.0476589 -0.0451346 -0.0503282 -0.0500113 -0.0500128
internal_weight=0.0901885 0.0794087 0.0745858 0.0643583 0.0102274 0.0107799 0.00482289 0.00924111 0.0064153 0.00381882
internal_count=21148 7134 760 656 104 14014 6374 12424 12283 4883
is_linear=0
shrinkage=0.05


Tree=153
num_leaves=12
num_cat=0
split_feature=9 0 9 18 2 17 0 4 17 16 12
split_gain=0.0105459 0.00564141 0.00547459 0.00799324 0.00546716 1.00706e-08 2.62998e-09 6.74411e-10 1.67397e-12 2.59012e-13 1.11006e-13
threshold=1.0000000180025095e-35 0.66704505681991588 16.500000000000004 1.1415238380432131 0.51527813076972973 300419.00000000006 0.72845035791397106 0.096084974706172957 178684.50000000003 1383.9946289062502 0.81579819321632396
decision_type=2 2 2 2 2 2 2 2 2 2 2
left_child=8 2 3 -2 -4 6 -3 -7 -1 10 -10
right_child=1 5 4 -5 -6 7 -8 -9 9 -11 -12
leaf_value=-0.050003926018246242 -0.023756120857949869 0.050097071523688377 -0.041006270869867273 0.042520545028433415 0.00096251526357050618 0.050167001525760674 0.050015592306940498 0.050219099198110309 -0.050002124628797308 -0.050002818888306759 -0.050001684204693086
leaf_weight=0.0015062857961249962 0.0064770531613831386 0.0022389073199207124 0.0096794429644422308 0.015284818132592193 0.03912652419717233 0.0016328116419117578 0.0017759653275959408 0.0010026481304805657 0.00474610260256636 0.0011000113204007178 0.0020480533955367086
leaf_count=2818 240 81 325 153 138 47 346 34 8778 2386 5802
internal_value=-4.46621e-10 0.00608724 0.00193843 0.0227944 -0.00736094 0.0501109 0.050061 0.0501868 -0.0500024 -0.0500021 -0.050002
internal_weight=0.0866186 0.0772182 0.0705678 0.0217619 0.048806 0.00665033 0.00401487 0.00263546 0.00940045 0.00789417 0.00679416
internal_count=21148 1364 856 393 463 508 427 81 19784 16966 14580
is_linear=0
shrinkage=0.05


Tree=154
num_leaves=11
num_cat=0
split_feature=2 9 13 9 0 13 6 9 18 4
split_gain=0.0100304 0.00490167 0.00477665 0.00755456 0.000377774 0.000172441 6.35577e-07 7.25855e-10 5.57508e-13 3.01295e-14
threshold=0.50321573019027721 1.0000000180025095e-35 0.53726795315742504 15.500000000000002 0.60321986675262462 0.94910207390785228 6.5000000000000009 5.0000000000000009 1.1115048527717593 0.0075932592153549203
decision_type=2 2 2 2 2 2 2 2 2 2
left_child=5 8 4 -4 -3 6 -1 -8 -2 -10
right_child=1 2 3 -5 -6 -7 7 -9 9 -11
leaf_value=-0.0509594993891124 -0.050003393479239905 0.030840194399240857 0.039448016832836434 -0.0048737924860093214 0.050785097821162056 -0.031742136031353958 -0.050002043124794851 -0.050048068842730914 -0.05000195901309288 -0.050002327276673121
leaf_weight=0.0025377697163939672 0.0014241156899292831 0.0042354714514658554 0.012048860705817788 0.047580121548151055 0.0054024136056085581 0.0014734479988636204 0.0047377683247784574 0.001045688567169023 0.0012112300448010593 0.0010257859614366538
leaf_count=141 2664 21 108 584 83 1590 11872 411 1675 1999
internal_value=7.15486e-10 0.00638063 0.00936079 0.00408204 0.0420201 -0.0475081 -0.0502998 -0.0500104 -0.0500026 -0.0500021
internal_weight=0.0827227 0.072928 0.0692669 0.059629 0.00963789 0.00979467 0.00832123 0.00578346 0.00366113 0.00223702
internal_count=21148 7134 796 692 104 14014 12424 12283 6338 3674
is_linear=0
shrinkage=0.05


Tree=155
num_leaves=11
num_cat=0
split_feature=2 0 13 13 9 13 17 2 6 5
split_gain=0.00950159 0.00485936 0.00479217 0.00768546 0.00464759 0.000170538 1.38957e-05 4.87329e-06 5.49097e-07 3.1642e-10
threshold=0.50321573019027721 0.66704505681991588 0.48804615437984472 0.74932843446731578 16.500000000000004 0.94910207390785228 189126.00000000003 0.70235460996627819 6.5000000000000009 0.15812563896179202
decision_type=2 2 2 2 2 2 2 2 2 2
left_child=5 2 4 -4 -2 8 -3 -8 -1 -10
right_child=1 6 3 -5 -6 -7 7 -9 9 -11
leaf_value=-0.05091628261610745 -0.050025270802844073 0.042874607372052953 -0.040044871123301656 0.0061608547419245178 0.050989150981285897 -0.031502880642332094 0.04620927196866486 0.049997024345790703 -0.050035068770136026 -0.050004189004735682
leaf_weight=0.0023997842579088768 0.0013373372793901162 0.0010266925112238914 0.011338225206358743 0.043629789765417648 0.0076653871312828414 0.0014267671227874432 0.0010638503472524263 0.0042082896461757002 0.001017885506922056 0.0044841302332083721
leaf_count=141 834 365 2204 3119 16 1590 274 322 443 11840
internal_value=8.23462e-10 0.0062942 0.00216833 -0.00336998 0.0359837 -0.0474125 0.0481964 0.0492327 -0.0502852 -0.0500099
internal_weight=0.0795981 0.0702696 0.0639707 0.054968 0.00900272 0.00932857 0.00629883 0.00527214 0.0079018 0.00550202
internal_count=21148 7134 6173 5323 850 14014 961 596 12424 12283
is_linear=0
shrinkage=0.05


Tree=156
num_leaves=11
num_cat=0
split_feature=9 0 9 5 16 17 0 17 18 18
split_gain=0.00912344 0.0049408 0.00491052 0.0068019 0.00486279 6.7126e-09 1.94934e-09 1.31812e-12 1.66695e-13 9.49787e-14
threshold=1.0000000180025095e-35 0.66704505681991588 16.500000000000004 0.050660187378525741 444.40925598144537 300419.00000000006 0.72845035791397106 178684.50000000003 1.0241464972496035 1.2374817728996279
decision_type=2 2 2 2 2 2 2 2 2 2
left_child=7 2 3 -2 -4 6 -3 -1 -9 -10
right_child=1 5 4 -5 -6 -7 -8 8 9 -11
leaf_value=-0.050003612619752405 0.050510947265751033 0.050089221654817176 0.014019186774031613 -0.0087053952506498024 -0.020796128602098639 0.05016680271636819 0.05001418621413628 -0.05000246992721831 -0.050001596609028434 -0.050002003281987333
leaf_weight=0.0013168822438784922 0.010318400145933992 0.0019992841730243063 0.01613259232578379 0.0091493602809888941 0.02651236899766829 0.0022817206393597189 0.0015263668545628661 0.0010334515267076405 0.0031731859685315555 0.0026222029027112015
leaf_count=2818 34 81 84 359 379 81 346 2088 9850 5028
internal_value=1.29048e-10 0.00599681 0.00187328 0.0226807 -0.00762549 0.0501 0.0500567 -0.0500022 -0.0500019 -0.0500018
internal_weight=0.0760658 0.0679201 0.0621127 0.0194678 0.042645 0.00580737 0.00352565 0.00814572 0.00682884 0.00579539
internal_count=21148 1364 856 393 463 508 427 19784 16966 14878
is_linear=0
shrinkage=0.05


Tree=157
num_leaves=11
num_cat=0
split_feature=2 9 13 9 0 13 16 6 18 13
split_gain=0.00867979 0.00433593 0.00404414 0.00744411 0.000336642 0.000153973 0.000106872 4.52341e-07 3.36008e-10 2.50976e-10
threshold=0.50321573019027721 1.5000000000000002 0.53726795315742504 15.500000000000002 0.60321986675262462 0.94910207390785228 863.15902709960949 6.5000000000000009 1.1136873960494997 0.48804615437984472
decision_type=2 2 2 2 2 2 2 2 2 2
left_child=5 6 4 -4 -3 7 8 -1 -2 -9
right_child=1 2 3 -5 -6 -7 -8 9 -10 -11
leaf_value=-0.050865968064442539 -0.050037813883793261 0.030466477094405961 0.042758866452537576 -0.0049443544200868644 0.050710372832920007 -0.031756884834196093 -0.031023055835556826 -0.050026887710763648 -0.05000190781372478 -0.0500023367096189
leaf_weight=0.0022381819189147834 0.0010051216936024501 0.00364127920147439 0.010169425098453644 0.041767000366689899 0.0047099452028476207 0.001329715866689396 0.0010000261221301265 0.0014862062654472652 0.0018522864437890973 0.0034746613610554533
leaf_count=141 762 21 72 584 83 1590 3038 2151 2574 10132
internal_value=8.81356e-10 0.00630082 0.00958907 0.00439619 0.0418837 -0.0473886 -0.0450911 -0.0502759 -0.0500145 -0.0500097
internal_weight=0.0726738 0.0641451 0.0602876 0.0519364 0.00835122 0.00852877 0.00385743 0.00719905 0.00285741 0.00496087
internal_count=21148 7134 760 656 104 14014 6374 12424 3336 12283
is_linear=0
shrinkage=0.05


Tree=158
num_leaves=11
num_cat=0
split_feature=2 0 13 13 9 13 11 17 6 13
split_gain=0.00822786 0.00423173 0.00413294 0.00638319 0.00402613 0.000152087 1.24487e-05 8.21521e-07 3.91079e-07 2.16816e-10
threshold=0.50321573019027721 0.66704505681991588 0.48804615437984472 0.74932843446731578 16.500000000000004 0.94910207390785228 1.0000000180025095e-35 281872.50000000006 6.5000000000000009 0.48804615437984472
decision_type=2 2 2 2 2 2 2 2 2 2
left_child=5 2 4 -4 -2 8 -3 -8 -1 -10
right_child=1 6 3 -5 -6 -7 7 -9 9 -11
leaf_value=-0.050827124198163043 -0.050022389438848437 0.044425055708060643 -0.039294706708494498 0.0058451090342081079 0.050880641840311616 -0.031539993401249626 0.048506092496502951 0.050086116262983038 -0.050025634135679342 -0.050002246636986748
leaf_weight=0.0021172054109723781 0.0011612606833177877 0.0016697737405211291 0.0098268406158168453 0.038575120977145438 0.0066488510783528909 0.0012891982481986197 0.0011929553337441945 0.0026505294152379122 0.0014153289915079803 0.0033051790845699536
leaf_count=141 834 489 2204 3119 16 1590 335 137 2151 10132
internal_value=-2.08488e-10 0.00622665 0.00212662 -0.00331943 0.0358777 -0.0472925 0.0480297 0.0495957 -0.0502625 -0.0500093
internal_weight=0.0698522 0.0617253 0.0562121 0.048402 0.00781011 0.00812691 0.00551326 0.00384348 0.00683771 0.00472051
internal_count=21148 7134 6173 5323 850 14014 961 472 12424 12283
is_linear=0
shrinkage=0.05


Tree=159
num_leaves=11
num_cat=0
split_feature=9 0 9 5 16 17 0 17 18 18
split_gain=0.0078996 0.00433253 0.00435816 0.00604996 0.00422374 4.82989e-09 1.38346e-09 1.2034e-12 1.32503e-13 6.38552e-14
threshold=1.0000000180025095e-35 0.66704505681991588 16.500000000000004 0.12912064790725711 444.40925598144537 300419.00000000006 0.72845035791397106 178684.50000000003 1.0319744944572451 1.2374817728996279
decision_type=2 2 2 2 2 2 2 2 2 2
left_child=7 2 3 -2 -4 6 -3 -1 -9 -10
right_child=1 5 4 -5 -6 -7 -8 8 9 -11
leaf_value=-0.050003433093446736 0.034709694276527918 0.050080764575352155 0.013781340352308467 -0.050049726374301842 -0.020847522621316908 0.050151528220870469 0.050012834875931535 -0.050002183367289621 -0.05000139701465988 -0.050001761431158379
leaf_weight=0.0011701640249286429 0.01476711360032823 0.0017596310650418437 0.014153362850681361 0.0024553677737086934 0.023305063275516957 0.0020122181470014766 0.0013056948214114072 0.0010619916161931364 0.0025840862922257291 0.0022477194101258036
leaf_count=2818 51 81 84 342 379 81 346 2732 9206 5028
internal_value=2.02194e-11 0.00591066 0.00180814 0.0226257 -0.00776329 0.0500913 0.0500518 -0.050002 -0.0500017 -0.0500016
internal_weight=0.0668224 0.0597585 0.0546809 0.0172225 0.0374584 0.00507754 0.00306533 0.00706396 0.0058938 0.00483181
internal_count=21148 1364 856 393 463 508 427 19784 16966 14234
is_linear=0
shrinkage=0.05


Tree=160
num_leaves=11
num_cat=0
split_feature=2 9 13 9 0 13 12 6 16 13
split_gain=0.00749851 0.00381043 0.00354813 0.00656276 0.000275154 0.000141273 8.21768e-05 3.22616e-07 1.98053e-10 1.88138e-10
threshold=0.50321573019027721 1.5000000000000002 0.53726795315742504 15.500000000000002 0.60321986675262462 0.94910207390785228 0.83864879608154308 6.5000000000000009 721.59158325195324 0.48804615437984472
decision_type=2 2 2 2 2 2 2 2 2 2
left_child=5 6 4 -4 -3 7 8 -1 -2 -9
right_child=1 2 3 -5 -6 -7 -8 9 -10 -11
leaf_value=-0.050781923539408559 -0.05000189131770158 0.030909839548142467 0.042701491699203301 -0.0049644244623747663 0.050644373423199711 -0.031394640336458661 -0.033022358433902825 -0.050024949051138037 -0.050030976372570715 -0.050002116103765454
leaf_weight=0.0019762274807895155 0.0013952183078491656 0.003104959545453311 0.008982652730324503 0.036825619263140652 0.0040967885380354119 0.0011809614002622482 0.0010108187887654108 0.0012964656838998501 0.001008292496437857 0.0029664862020601923
leaf_count=141 1642 21 72 584 83 1590 2414 2151 2318 10132
internal_value=2.29725e-10 0.00621396 0.00951156 0.0043825 0.042136 -0.0472523 -0.0449837 -0.0502539 -0.0500141 -0.0500091
internal_weight=0.0638445 0.0564243 0.05301 0.0458083 0.00720175 0.00742014 0.00341433 0.00623918 0.00240351 0.00426295
internal_count=21148 7134 760 656 104 14014 6374 12424 3960 12283
is_linear=0
shrinkage=0.05


Tree=161
num_leaves=11
num_cat=0
split_feature=9 0 9 5 2 17 0 17 16 12
split_gain=0.00711854 0.00410015 0.00359062 0.00565253 0.00371851 4.61259e-09 1.19967e-09 9.91274e-13 8.56424e-14 4.76728e-14
threshold=1.0000000180025095e-35 0.66704505681991588 16.500000000000004 0.094373971223831191 0.51527813076972973 300419.00000000006 0.72845035791397106 178684.50000000003 1105.5317993164065 0.79789674282073986
decision_type=2 2 2 2 2 2 2 2 2 2
left_child=7 2 3 -2 -4 6 -3 -1 9 -9
right_child=1 5 4 -5 -6 -7 -8 8 -10 -11
leaf_value=-0.050003209464997173 0.047319058264048558 0.050078170375389974 -0.040725318814197248 -0.013237098088563298 0.00065787883736325391 0.05015055176764617 0.050012037593347783 -0.050001578115085703 -0.050001945387181529 -0.05000123849054719
leaf_weight=0.0010650378341932045 0.0089970530162872819 0.0016426665337547766 0.0067486160148710886 0.0067407974434052767 0.027745088963001763 0.0019516830100059224 0.0011771798809689926 0.0025262951773148412 0.0010386973586025139 0.0017483336277539507
leaf_count=2818 39 81 325 354 138 81 346 6178 5474 5314
internal_value=-1.05844e-09 0.0057984 0.00159097 0.0213818 -0.00743865 0.0500915 0.0500506 -0.0500018 -0.0500015 -0.0500014
internal_weight=0.0613814 0.0550031 0.0502316 0.0157379 0.0344937 0.00477153 0.00281985 0.00637836 0.00531333 0.00427463
internal_count=21148 1364 856 393 463 508 427 19784 16966 11492
is_linear=0
shrinkage=0.05


Tree=162
num_leaves=11
num_cat=0
split_feature=2 0 13 13 5 13 11 17 6 13
split_gain=0.00674481 0.00348371 0.00376984 0.00498843 0.000515218 0.000139668 1.23793e-05 6.97348e-07 2.44595e-07 1.59204e-10
threshold=0.50321573019027721 0.66704505681991588 0.48804615437984472 0.74932843446731578 0.026834487915039066 0.94910207390785228 1.0000000180025095e-35 285017.50000000006 6.5000000000000009 0.48804615437984472
decision_type=2 2 2 2 2 2 2 2 2 2
left_child=5 2 4 -4 -2 8 -3 -8 -1 -10
right_child=1 6 3 -5 -6 -7 7 -9 9 -11
leaf_value=-0.050716905030683601 0.050681312256687622 0.043892187560273757 -0.038604253707127674 0.005129591719972135 0.022885217513622741 -0.030551034384219317 0.048511972827960291 0.050085328517640859 -0.050023844614718975 -0.050001953420093642
leaf_weight=0.0017781192916672675 0.0033706012378598152 0.0013793920395839257 0.0081506941248254972 0.032596807335295352 0.0032985982885138654 0.0010723760293223084 0.0010531242822700015 0.0021260084857743777 0.0012043136692820866 0.0026759104325397853
leaf_count=141 21 489 2204 3119 829 1590 349 123 2151 10132
internal_value=-1.13203e-09 0.00609883 0.00208518 -0.00361846 0.0369333 -0.0470957 0.0478478 0.0495641 -0.0502313 -0.0500087
internal_weight=0.0587059 0.0519752 0.0474167 0.0407475 0.0066692 0.00673072 0.00455852 0.00317913 0.00565834 0.00388022
internal_count=21148 7134 6173 5323 850 14014 961 472 12424 12283
is_linear=0
shrinkage=0.05


Tree=163
num_leaves=11
num_cat=0
split_feature=9 0 9 18 16 17 0 17 6 16
split_gain=0.00652868 0.00363386 0.00354416 0.00505754 0.00341897 3.22966e-09 8.87644e-10 8.97833e-13 5.87204e-14 7.96498e-15
threshold=1.0000000180025095e-35 0.66704505681991588 16.500000000000004 1.1415238380432131 444.40925598144537 300419.00000000006 0.72845035791397106 184434.00000000003 13.500000000000002 261.67428588867193
decision_type=2 2 2 2 2 2 2 2 2 2
left_child=7 2 3 -2 -4 6 -3 -1 -9 -10
right_child=1 5 4 -5 -6 -7 -8 8 9 -11
leaf_value=-0.050003098940849117 -0.022698618457473098 0.050071434189659016 0.013417356874713657 0.041632995256555894 -0.020340051411907849 0.050135387880024113 0.050011096030491344 -0.050001670510113089 -0.050001218736447944 -0.050001384903424088
leaf_weight=0.0010003865807810533 0.0043750622476559373 0.0014785203572884589 0.012055256885159515 0.010126643674688296 0.019852780977917206 0.0017249331992275074 0.0010370673430770694 0.0019014703373005926 0.0012554219037832492 0.0016948074012066439
leaf_count=3660 240 81 84 153 379 81 346 5876 2341 7907
internal_value=-4.0985e-10 0.00577716 0.0017289 0.0222246 -0.00758608 0.0500827 0.0500466 -0.0500017 -0.0500015 -0.0500013
internal_weight=0.0565024 0.0506503 0.0464097 0.0145017 0.031908 0.00424052 0.00251559 0.00585209 0.0048517 0.00295023
internal_count=21148 1364 856 393 463 508 427 19784 16124 10248
is_linear=0
shrinkage=0.05


Tree=164
num_leaves=10
num_cat=0
split_feature=2 9 13 9 0 13 2 6 13
split_gain=0.00622421 0.00319511 0.00312631 0.0056603 0.000236111 0.000123252 5.5856e-05 2.02456e-07 1.37436e-10
threshold=0.50321573019027721 1.5000000000000002 0.53726795315742504 15.500000000000002 0.60321986675262462 0.94910207390785228 0.59333479404449474 6.5000000000000009 0.48804615437984472
decision_type=2 2 2 2 2 2 2 2 2
left_child=5 6 4 -4 -3 7 -2 -1 -9
right_child=1 2 3 -5 -6 -7 -8 8 -10
leaf_value=-0.050678219317284473 -0.050001709688827715 0.031067618966942948 0.042288979152274371 -0.0055112115997275335 0.050587706314206317 -0.031307256794128886 -0.035397006624801157 -0.050023166455152715 -0.050001890186308656
leaf_weight=0.0016618362271769707 0.0018780298417659927 0.002751343493400781 0.0077450430756869073 0.030911194037656742 0.0035453754481764577 0.0010328090132765144 0.0010050169559658872 0.0011077338293485894 0.0024110476240077894
leaf_count=141 4472 21 72 584 83 1590 1902 2151 10132
internal_value=6.0002e-10 0.00611511 0.00938763 0.00406589 0.0420584 -0.0470791 -0.0449106 -0.0502234 -0.0500086
internal_weight=0.0540494 0.047836 0.044953 0.0386562 0.00629672 0.00621343 0.00288305 0.00518062 0.00351878
internal_count=21148 7134 760 656 104 14014 6374 12424 12283
is_linear=0
shrinkage=0.05


Tree=165
num_leaves=11
num_cat=0
split_feature=2 0 13 13 5 13 11 17 6 13
split_gain=0.0059067 0.0030674 0.00320983 0.00425385 0.000489771 0.000121879 1.36588e-05 5.55081e-07 1.75509e-07 1.19261e-10
threshold=0.50321573019027721 0.66704505681991588 0.48804615437984472 0.74932843446731578 0.026834487915039066 0.94910207390785228 1.0000000180025095e-35 291207.50000000006 6.5000000000000009 0.48804615437984472
decision_type=2 2 2 2 2 2 2 2 2 2
left_child=5 2 4 -4 -2 8 -3 -8 -1 -10
right_child=1 6 3 -5 -6 -7 7 -9 9 -11
leaf_value=-0.050648283962043295 0.050614607840466501 0.043175637659293831 -0.037960993096658326 0.0050144743159542832 0.021843740525083123 -0.031084950099563309 0.048640615500740052 0.050080916783850862 -0.05002213031201927 -0.050001817034262097
leaf_weight=0.0015739096331650595 0.0029479192676955526 0.0012015294082261532 0.0071922366903311987 0.028877621101387474 0.0029689537318866588 0.0010022605539230511 0.001077672218391168 0.001763772463315938 0.0010541207291884236 0.0022972934471431339
leaf_count=141 21 489 2204 3119 829 1590 368 104 2151 10132
internal_value=4.81366e-11 0.00604977 0.00204451 -0.00355472 0.036178 -0.0469785 0.0476448 0.0495347 -0.0502127 -0.0500082
internal_weight=0.0519573 0.0460297 0.0419867 0.0360699 0.00591687 0.00592758 0.00404297 0.00284144 0.00492532 0.00335141
internal_count=21148 7134 6173 5323 850 14014 961 472 12424 12283
is_linear=0
shrinkage=0.05


Tree=166
num_leaves=11
num_cat=0
split_feature=9 0 9 5 16 17 18 17 6 16
split_gain=0.00570973 0.00322705 0.00304619 0.00470074 0.00295891 2.1747e-09 9.16701e-11 5.31541e-13 5.6539e-14 1.01919e-14
threshold=1.0000000180025095e-35 0.66704505681991588 16.500000000000004 0.12912064790725711 444.40925598144537 300419.00000000006 1.1070918440818789 189952.00000000003 13.500000000000002 261.67428588867193
decision_type=2 2 2 2 2 2 2 2 2 2
left_child=7 2 3 -2 -4 6 -3 -1 -9 -10
right_child=1 5 4 -5 -6 -7 -8 8 9 -11
leaf_value=-0.05000254129245655 0.03441268791328797 0.050053110855090267 0.013294229840032 -0.05004176784828103 -0.020118885961311742 0.050120371276645682 0.050032877284580057 -0.050001560562620097 -0.050001059902796074 -0.05000126794264316
leaf_weight=0.0011703494419431628 0.010992961836791437 0.0011003945794172401 0.010621943500219722 0.0019381228812247473 0.017611595424769089 0.0015155797120698367 0.0011394334819669893 0.0015755310758972518 0.0010698010871339481 0.0013090322357227624
leaf_count=5068 51 190 84 342 379 81 237 5362 2341 7013
internal_value=-9.0637e-10 0.00570445 0.00165664 0.0217546 -0.0075483 0.0500741 0.0500428 -0.0500016 -0.0500013 -0.0500012
internal_weight=0.0500447 0.04492 0.0411646 0.0129311 0.0282335 0.00375541 0.00223983 0.00512471 0.00395436 0.00237883
internal_count=21148 1364 856 393 463 508 427 19784 14716 9354
is_linear=0
shrinkage=0.05


Tree=167
num_leaves=10
num_cat=0
split_feature=2 9 13 9 5 13 6 13 16
split_gain=0.00539912 0.00285324 0.00276216 0.00448166 0.000213455 9.91094e-05 1.43428e-07 8.34524e-11 2.2688e-13
threshold=0.50321573019027721 1.0000000180025095e-35 0.53726795315742504 15.500000000000002 0.050660187378525741 0.94166862964630138 6.5000000000000009 0.51104710996150982 353.24967956542974
decision_type=2 2 2 2 2 2 2 2 2
left_child=5 8 4 -4 -3 6 -1 -8 -2
right_child=1 2 3 -5 -6 -7 7 -9 -10
leaf_value=-0.050613459940048816 -0.050001407535000479 0.050532892357258198 0.038650577348996795 -0.0054707673161578556 0.030780512641033993 -0.033003419635712024 -0.050019246110001463 -0.050001787964325931 -0.050002432996713787
leaf_weight=0.0014712901996952734 0.0010984168906719152 0.0030881245979124108 0.0072818881210707778 0.027457189444476171 0.0024551678097850527 0.0010334357994475907 0.0010917028673600448 0.0018352351488993834 0.0010598075355791048
leaf_count=137 1684 83 108 584 21 2134 2679 9064 4654
internal_value=-1.35444e-09 0.00600711 0.00900792 0.0037778 0.0417844 -0.0469368 -0.0502107 -0.0500083 -0.0500019
internal_weight=0.0478723 0.0424406 0.0402824 0.0347391 0.00554329 0.00543166 0.00439823 0.00292694 0.00215822
internal_count=21148 7134 796 692 104 14014 11880 11743 6338
is_linear=0
shrinkage=0.05


Tree=168
num_leaves=10
num_cat=0
split_feature=9 0 13 5 17 18 17 6 13
split_gain=0.0051453 0.00307927 0.0026711 0.00362121 2.0455e-09 1.07223e-10 4.34537e-13 4.18602e-14 3.16023e-15
threshold=1.0000000180025095e-35 0.66704505681991588 0.99566602706909191 0.055883884429931648 300419.00000000006 1.1070918440818789 189952.00000000003 13.500000000000002 0.8182756006717683
decision_type=2 2 2 2 2 2 2 2 2
left_child=6 2 3 -2 5 -3 -1 -8 -9
right_child=1 4 -4 -5 -6 -7 7 8 -10
leaf_value=-0.050002365748295086 0.0075592984186593926 0.050053726399353994 0.049285856193108747 -0.028428034135010521 0.05011944267072297 0.050031044980848864 -0.05000142635740238 -0.050001014799824273 -0.050001136238064126
leaf_weight=0.0010674217596953186 0.025592631237657315 0.0010467722447273778 0.0027053281153044386 0.0096170434850675335 0.0014709224991449332 0.0010375175292338668 0.0014180793539914083 0.0010600110907885707 0.0010829085308978748
leaf_count=5068 93 190 38 725 81 237 5362 5168 4186
internal_value=-6.171e-10 0.00558058 0.0014085 -0.00227015 0.0500743 0.0500424 -0.0500015 -0.0500012 -0.0500011
internal_weight=0.0460986 0.0414702 0.037915 0.0352097 0.00355521 0.00208429 0.00462842 0.003561 0.00214292
internal_count=21148 1364 856 818 508 427 19784 14716 9354
is_linear=0
shrinkage=0.05


Tree=169
num_leaves=10
num_cat=0
split_feature=9 0 9 5 13 17 17 6 13
split_gain=0.0049066 0.00281746 0.00265898 0.00401603 0.00280831 1.58416e-09 3.55011e-13 3.80082e-14 2.88441e-15
threshold=1.0000000180025095e-35 0.66704505681991588 16.500000000000004 0.12912064790725711 0.53726795315742504 300419.00000000006 189952.00000000003 13.500000000000002 0.8182756006717683
decision_type=2 2 2 2 2 2 2 2 2
left_child=6 2 3 -2 -4 -3 -1 -8 -9
right_child=1 5 4 -5 -6 -7 7 8 -10
leaf_value=-0.050002245693780471 0.033953590580111319 0.050039583947053684 0.02176790774281695 -0.050037184593441947 -0.016877163463237924 0.050110405028087127 -0.050001382062376733 -0.050000981196409847 -0.050001099705577735
leaf_weight=0.0010060373916396239 0.0097174458691142718 0.0019167259265451255 0.0062241360849029084 0.0016674395473450518 0.019211378971714765 0.0013427832266614814 0.001359057972038058 0.0010137866542390128 0.0010402052139487639
leaf_count=5068 51 427 116 342 347 81 5362 5168 4186
internal_value=-5.30872e-10 0.005513 0.00156872 0.0216522 -0.00742061 0.0500688 -0.0500014 -0.0500012 -0.050001
internal_weight=0.044499 0.0400799 0.0368204 0.0113849 0.0254355 0.00325951 0.00441909 0.00341305 0.00205399
internal_count=21148 1364 856 393 463 508 19784 14716 9354
is_linear=0
shrinkage=0.05


Tree=170
num_leaves=10
num_cat=0
split_feature=2 9 13 9 5 13 4 6 13
split_gain=0.0048911 0.00257114 0.00244692 0.0042503 0.000169917 8.19212e-05 2.59969e-05 1.20351e-07 6.94113e-11
threshold=0.50321573019027721 1.5000000000000002 0.53726795315742504 15.500000000000002 0.050660187378525741 0.93672713637352001 0.0090293437242507952 6.5000000000000009 0.53726795315742504
decision_type=2 2 2 2 2 2 2 2 2
left_child=5 6 4 -4 -3 7 -2 -1 -9
right_child=1 2 3 -5 -6 -7 -8 8 -10
leaf_value=-0.05058849709560384 -0.050010741210125366 0.050490517376872636 0.042217006429178833 -0.005016201837202746 0.031829287683582529 -0.034360533571821027 -0.039259055301413957 -0.05001862584596313 -0.050001672834890855
leaf_weight=0.001396782950107033 0.0012826020345386704 0.0027184634624290984 0.0059097796325673349 0.024540887422162427 0.0022127069823909551 0.0010304704512217322 0.001001008305519302 0.0010282237968292085 0.0014626535299087084
leaf_count=135 3223 83 72 584 21 2696 3151 3075 8108
internal_value=6.03744e-10 0.00612323 0.00944204 0.00415069 0.0421169 -0.0468947 -0.0452978 -0.050217 -0.0500087
internal_weight=0.0425836 0.0376654 0.0353818 0.0304507 0.00493117 0.00491813 0.00228361 0.00388766 0.00249088
internal_count=21148 7134 760 656 104 14014 6374 11318 11183
is_linear=0
shrinkage=0.05


Tree=171
num_leaves=10
num_cat=0
split_feature=2 9 13 9 5 13 4 6 13
split_gain=0.00464008 0.00242726 0.00223457 0.00388628 0.000187113 7.57473e-05 2.72521e-05 1.03175e-07 5.32332e-11
threshold=0.50321573019027721 1.5000000000000002 0.53726795315742504 15.500000000000002 0.050660187378525741 0.93281531333923351 0.0086117386817932146 6.5000000000000009 0.57477229833602916
decision_type=2 2 2 2 2 2 2 2 2
left_child=5 6 4 -4 -3 7 -2 -1 -9
right_child=1 2 3 -5 -6 -7 -8 8 -10
leaf_value=-0.050562302694072275 -0.050010436331669066 0.050462408624830028 0.041570779283401957 -0.004645359551148919 0.030452775512486159 -0.035031413351057895 -0.03882317445373256 -0.05001694039174142 -0.050001668374330344
leaf_weight=0.0013224948362349212 0.0011945809700401036 0.0025558771727247622 0.0056268526813170175 0.023739283039745374 0.0021520855780181591 0.0010623464841257868 0.0010001171005296072 0.0010296353178004813 0.0012798670971052029
leaf_count=133 3122 83 72 584 21 3040 3252 3435 7406
internal_value=6.16038e-10 0.0060542 0.00933694 0.00421013 0.0413157 -0.0467751 -0.0449124 -0.0502101 -0.0500085
internal_weight=0.0409631 0.0362688 0.0340741 0.0293661 0.00470796 0.00469434 0.0021947 0.003632 0.0023095
internal_count=21148 7134 760 656 104 14014 6374 10974 10841
is_linear=0
shrinkage=0.05


Tree=172
num_leaves=10
num_cat=0
split_feature=5 13 18 4 5 13 9 16 16
split_gain=0.0044238 0.00467644 0.00296612 0.00459725 0.00346354 0.00302809 0.00130907 0.00252539 1.58596e-08
threshold=0.055883884429931648 0.99566602706909191 1.3711274266242983 0.010571524500846865 0.026834487915039066 0.94910207390785228 16.500000000000004 291.63925170898443 1143.8645019531252
decision_type=2 2 2 2 2 2 2 2 2
left_child=2 6 3 5 -5 -1 8 -8 -2
right_child=1 -3 -4 4 -6 -7 7 -9 -10
leaf_value=-0.019280039779868759 -0.050036509909661145 0.049007603929153473 -0.046256058136169342 0.048730374602725529 -0.028320748082513409 0.043777481708982262 0.039723880033635806 -0.037468690081540683 -0.049820965020405616
leaf_weight=0.0089284448297927144 0.0054071380772004463 0.0019398314670695535 0.0019996025838109324 0.010693980556815141 0.0016888101720843327 0.0024198559378803006 0.0014538587165588979 0.0039065475359141288 0.001013345858275394
leaf_count=158 13598 36 71 644 193 43 29 376 6000
internal_value=3.30447e-11 -0.0229284 0.0122264 0.0171542 0.0382219 -0.00583396 -0.0347733 -0.0165324 -0.0500025
internal_weight=0.0394514 0.0137207 0.0257307 0.0237311 0.0123828 0.0113483 0.0117809 0.00536041 0.00642048
internal_count=21148 20039 1109 1038 837 201 20003 405 19598
is_linear=0
shrinkage=0.05


Tree=173
num_leaves=8
num_cat=0
split_feature=9 0 13 5 17 18 6
split_gain=0.00406414 0.00242382 0.00186082 0.00279939 1.05066e-09 2.0341e-13 2.02186e-14
threshold=1.0000000180025095e-35 0.66704505681991588 0.99566602706909191 0.055883884429931648 300419.00000000006 1.1115048527717593 16.500000000000004
decision_type=2 2 2 2 2 2 2
left_child=5 2 3 -2 -3 -1 -7
right_child=1 4 -4 -5 -6 6 -8
leaf_value=-0.050001732238084733 0.0077426825173427033 0.050036724115494959 0.048878703705230002 -0.027826900939625254 0.05009883134095923 -0.050001120382481723 -0.050000819264051859
leaf_weight=0.0014263516014550994 0.020525145763087949 0.0016306489059356713 0.0019325853869887047 0.0075722755188838411 0.0011692072895073125 0.0010993689392042594 0.0011309317514539563
leaf_count=6936 93 427 38 725 81 5775 7073
internal_value=-1.0047e-11 0.00556924 0.00142088 -0.00184335 0.0500627 -0.0500013 -0.050001
internal_weight=0.0364865 0.0328299 0.03003 0.0280974 0.00279986 0.00365665 0.0022303
internal_count=21148 1364 856 818 508 19784 12848
is_linear=0
shrinkage=0.05


Tree=174
num_leaves=9
num_cat=0
split_feature=9 0 9 5 2 17 18 6
split_gain=0.00387621 0.00222075 0.00194214 0.00336128 0.00231412 8.15231e-10 1.72647e-13 1.81647e-14
threshold=1.0000000180025095e-35 0.66704505681991588 16.500000000000004 0.050660187378525741 0.50903290510177623 300419.00000000006 1.1115048527717593 16.500000000000004
decision_type=2 2 2 2 2 2 2 2
left_child=6 2 3 -2 -4 -3 -1 -8
right_child=1 5 4 -5 -6 -7 7 -9
leaf_value=-0.050001654800610446 0.050292187628949596 0.050034266571001955 -0.041889109705114426 -0.011268617248587458 0.0011974177217011807 0.050091407242179566 -0.050001081239247763 -0.050000789630913471
leaf_weight=0.0013556339578447698 0.0046698967494762655 0.001501228906152007 0.0038439291431597846 0.0042220872116291996 0.016463658875068177 0.0010684836002710085 0.0010534138078382993 0.0010831080333387755
leaf_count=6936 34 427 318 359 145 81 5775 7073
internal_value=1.50315e-09 0.00549625 0.00157459 0.0210619 -0.00695823 0.050058 -0.0500012 -0.0500009
internal_weight=0.0352614 0.0317693 0.0291996 0.00889198 0.0203076 0.00256971 0.00349216 0.00213652
internal_count=21148 1364 856 393 463 508 19784 12848
is_linear=0
shrinkage=0.05


Tree=175
num_leaves=9
num_cat=0
split_feature=9 0 9 5 13 17 18 6
split_gain=0.00367189 0.00207302 0.00182988 0.00300639 0.00232074 5.57458e-10 1.41924e-13 1.62613e-14
threshold=1.0000000180025095e-35 0.66704505681991588 16.500000000000004 0.12912064790725711 0.53726795315742504 296101.50000000006 1.1115048527717593 16.500000000000004
decision_type=2 2 2 2 2 2 2 2
left_child=6 2 3 -2 -4 -3 -1 -8
right_child=1 5 4 -5 -6 -7 7 -9
leaf_value=-0.050001573879752417 0.033704054681224421 0.050028383794371245 0.022668768828544364 -0.050030299306109582 -0.016783798897260224 0.050076757683728837 -0.050001045126783751 -0.050000762169217283
leaf_weight=0.0012800795981225957 0.0071458707178067016 0.0011006368358454912 0.0050014745248025952 0.0012611438776684025 0.014633378438886568 0.0012978409681494441 0.0010016238453979254 0.0010297743001902449
leaf_count=6936 51 403 116 342 347 105 5775 7073
internal_value=4.97802e-10 0.00543942 0.00162339 0.021143 -0.00673427 0.0500546 -0.0500012 -0.0500009
internal_weight=0.0337518 0.0304403 0.0280419 0.00840701 0.0196349 0.00239848 0.00331148 0.0020314
internal_count=21148 1364 856 393 463 508 19784 12848
is_linear=0
shrinkage=0.05


Tree=176
num_leaves=8
num_cat=0
split_feature=2 13 13 16 5 13 6
split_gain=0.00367952 0.00202412 0.00206518 0.00203988 0.000234952 4.73579e-05 5.59387e-08
threshold=0.50321573019027721 0.48804615437984472 0.57477229833602916 112.73088836669923 0.026834487915039066 0.86198318004608165 6.5000000000000009
decision_type=2 2 2 2 2 2 2
left_child=5 4 -3 -4 -2 6 -1
right_child=1 2 3 -5 -6 -7 -8
leaf_value=-0.050474845533625169 0.05037331978780174 -0.044704321365545252 -0.049804608894337438 0.009463576877065517 0.026534360156178861 -0.037715581345669179 -0.050008543646388383
leaf_weight=0.0010748496264209031 0.0020677699568607535 0.0022781109662566848 0.0015618189218065672 0.020606280540510946 0.0020665533399542024 0.0010616748229577144 0.0016013759121080162
leaf_count=103 106 680 212 5172 964 4484 9427
internal_value=4.15232e-10 0.00610125 0.000629216 0.00528793 0.0384573 -0.0466511 -0.0501958
internal_weight=0.0323184 0.0285805 0.0244462 0.0221681 0.00413432 0.0037379 0.00267623
internal_count=21148 7134 6064 5384 1070 14014 9530
is_linear=0
shrinkage=0.05


Tree=177
num_leaves=8
num_cat=0
split_feature=9 0 9 5 2 17 18
split_gain=0.00342888 0.00194067 0.00175552 0.00280403 0.00197374 5.13669e-10 1.19202e-13
threshold=1.0000000180025095e-35 0.66704505681991588 16.500000000000004 0.050660187378525741 0.50903290510177623 298759.00000000006 1.1115048527717593
decision_type=2 2 2 2 2 2 2
left_child=6 2 3 -2 -4 -3 -1
right_child=1 5 4 -5 -6 -7 -8
leaf_value=-0.050001494312427397 0.050254440036030835 0.050032506096425337 -0.041331741446719507 -0.009347738916212555 0.00098803432696401689 0.050080490975757577 -0.050000856845345415
leaf_weight=0.0011976632656626176 0.0040573120818976349 0.0012223558052681929 0.0033978167847688026 0.0038418596233431579 0.014566424167867353 0.0010257164363025595 0.0018915805658717422
leaf_count=6936 34 418 318 359 145 90 12848
internal_value=-2.16591e-10 0.00549475 0.00162158 0.0212662 -0.00701647 0.0500544 -0.0500011
internal_weight=0.0312007 0.0281115 0.0258634 0.00789917 0.0179642 0.00224807 0.00308924
internal_count=21148 1364 856 393 463 508 19784
is_linear=0
shrinkage=0.05


Tree=178
num_leaves=8
num_cat=0
split_feature=2 9 13 9 13 18 6
split_gain=0.00325457 0.00180812 0.00180954 0.00298502 0.000105022 4.72359e-05 3.69268e-08
threshold=0.50321573019027721 1.5000000000000002 0.53726795315742504 15.500000000000002 0.47771476209163671 1.2083750963211062 13.500000000000002
decision_type=2 2 2 2 2 2 2
left_child=5 -2 4 -4 -3 6 -1
right_child=1 2 3 -5 -6 -7 -8
leaf_value=-0.05040641096126014 -0.045104296831491822 0.033363745924308984 0.041961895526480067 -0.0054431771077795548 0.050523169853569055 -0.037224729158256802 -0.050006532794262162
leaf_weight=0.0010036044342027753 0.0016321779808539097 0.001737550692041622 0.0041147568894750455 0.017209268530642419 0.0018317089161410394 0.0010027342994598509 0.001359262376162601
leaf_count=1170 6374 70 72 584 34 4964 7880
internal_value=-2.09768e-10 0.00587687 0.00921955 0.00370427 0.0421698 -0.0463176 -0.0501764
internal_weight=0.0298911 0.0265255 0.0248933 0.021324 0.00356926 0.0033656 0.00236287
internal_count=21148 7134 760 656 104 14014 9050
is_linear=0
shrinkage=0.05


Tree=179
num_leaves=7
num_cat=0
split_feature=9 0 13 5 18 2
split_gain=0.00311359 0.00183033 0.00160664 0.00203923 2.92368e-11 8.84544e-14
threshold=1.0000000180025095e-35 0.66704505681991588 0.99566602706909191 0.055883884429931648 1.1253179311752322 0.52722281217575084
decision_type=2 2 2 2 2 2
left_child=5 2 3 -2 -3 -1
right_child=1 4 -4 -5 -6 -7
leaf_value=-0.050000807499314508 0.0070531359069863249 0.050045155611379247 0.049060475089817972 -0.027231453788192167 0.050056939478232976 -0.05000139279425049
leaf_weight=0.0018043071306734484 0.016289209895433032 0.0010080526509135259 0.0016502312154536005 0.0059110758333896776 0.0011015869211092877 0.0010051191942627435
leaf_count=14946 93 218 38 725 290 4838
internal_value=-4.43423e-11 0.00541115 0.00146261 -0.00207552 0.0500513 -0.050001
internal_weight=0.0287696 0.0259602 0.0238505 0.0222003 0.00210964 0.00280943
internal_count=21148 1364 856 818 508 19784
is_linear=0
shrinkage=0.05


Tree=180
num_leaves=7
num_cat=0
split_feature=9 0 9 5 13 2
split_gain=0.00297309 0.00167869 0.00159811 0.00243995 0.00181114 7.29291e-14
threshold=1.0000000180025095e-35 0.66704505681991588 16.500000000000004 0.12912064790725711 0.53726795315742504 0.52145951986312877
decision_type=2 2 2 2 2 2
left_child=5 2 3 -2 -4 -1
right_child=1 -3 4 -5 -6 -7
leaf_value=-0.050000773795620082 0.033730865246966855 0.050047536316144392 0.021674732702843105 -0.050025028172710734 -0.016761143853023543 -0.050001311559466223
leaf_weight=0.0016750336785642519 0.0059862562074499684 0.0019379876116119013 0.0041053403395610024 0.0010173109898553578 0.012093531445873662 0.0010109706924525674
leaf_count=14632 51 508 116 342 347 5152
internal_value=-3.75981e-10 0.00534211 0.00160808 0.0215648 -0.0070202 -0.050001
internal_weight=0.0278264 0.0251404 0.0232024 0.00700357 0.0161989 0.002686
internal_count=21148 1364 856 393 463 19784
is_linear=0
shrinkage=0.05


Tree=181
num_leaves=8
num_cat=0
split_feature=2 13 13 16 13 18 2
split_gain=0.00296336 0.00160473 0.00166725 0.0016202 0.000196172 3.95654e-05 2.73516e-08
threshold=0.50321573019027721 0.48804615437984472 0.57477229833602916 112.73088836669923 0.47771476209163671 1.1921519637107851 0.48548609018325811
decision_type=2 2 2 2 2 2 2
left_child=5 4 -3 -4 -2 6 -1
right_child=1 2 3 -5 -6 -7 -8
leaf_value=-0.050006914410086846 0.026250723908345382 -0.044384004202218934 -0.049746358902016001 0.0092792408484934676 0.050476207539944751 -0.038074067283409105 -0.050370887142302471
leaf_weight=0.0010603775906190818 0.0017088466405487937 0.0018612527939100279 0.0012471871640432333 0.017141056316154452 0.0016354179212330067 0.0010013748920276733 0.0010057129604729986
leaf_count=7666 1036 680 212 5172 34 5536 812
internal_value=-2.56675e-10 0.00601054 0.000711283 0.00527581 0.0380975 -0.0462308 -0.0501841
internal_weight=0.0266612 0.0235938 0.0202495 0.0183882 0.00334426 0.00306747 0.00206609
internal_count=21148 7134 6064 5384 1070 14014 8478
is_linear=0
shrinkage=0.05


Tree=182
num_leaves=7
num_cat=0
split_feature=9 0 9 5 2 0
split_gain=0.0027819 0.00157854 0.00152984 0.00225944 0.00161083 6.92289e-14
threshold=1.0000000180025095e-35 0.66704505681991588 16.500000000000004 0.050660187378525741 0.50903290510177623 0.51456615328788768
decision_type=2 2 2 2 2 2
left_child=5 2 3 -2 -4 -1
right_child=1 -3 4 -5 -6 -7
leaf_value=-0.050000703584365015 0.050222101015253741 0.050047407444108051 -0.040804051754342083 -0.0083651631833969089 0.00079658433415968118 -0.050001234525352926
leaf_weight=0.0014409967450268726 0.0033746784338859461 0.0018242836681032762 0.002889425598763041 0.0032118877351375863 0.011953960022708543 0.0010697203884620643
leaf_count=14188 34 508 318 359 145 5596
internal_value=7.24994e-10 0.00539851 0.00159765 0.0216525 -0.00730143 -0.0500009
internal_weight=0.025765 0.0232542 0.02143 0.00658657 0.0148434 0.00251072
internal_count=21148 1364 856 393 463 19784
is_linear=0
shrinkage=0.05


Tree=183
num_leaves=7
num_cat=0
split_feature=9 2 13 9 5 0
split_gain=0.00263937 0.00148952 0.0014728 0.00223346 8.55537e-05 5.95925e-14
threshold=1.0000000180025095e-35 0.50321573019027721 0.53726795315742504 15.500000000000002 0.050660187378525741 0.51456615328788768
decision_type=2 2 2 2 2 2
left_child=5 -2 4 -4 -3 -1
right_child=1 2 3 -5 -6 -7
leaf_value=-0.050000676676568684 -0.042417084561974343 0.050313734609026273 0.038343885954798845 -0.0054522583018022028 0.0330780324556234 -0.050001182173564418
leaf_weight=0.0013686613037455766 0.0015211040241195342 0.0014930230906546873 0.003658752438019163 0.014244258123213172 0.0013905416662964853 0.0010157474975603098
leaf_count=14188 568 83 108 584 21 5596
internal_value=-1.41053e-10 0.00534446 0.00883952 0.00349815 0.0420022 -0.0500009
internal_weight=0.0246921 0.0223077 0.0207866 0.017903 0.00288356 0.00238441
internal_count=21148 1364 796 692 104 19784
is_linear=0
shrinkage=0.05


Tree=184
num_leaves=7
num_cat=0
split_feature=9 2 13 9 13 2
split_gain=0.00252206 0.00143045 0.00131766 0.00230824 9.52212e-05 9.79171e-06
threshold=1.5000000000000002 0.50321573019027721 0.53726795315742504 15.500000000000002 0.47771476209163671 0.53265729546546947
decision_type=2 2 2 2 2 2
left_child=5 -2 4 -4 -3 -1
right_child=1 2 3 -5 -6 -7
leaf_value=-0.050000682342226467 -0.042151115324533237 0.031818436018882797 0.041622969187667079 -0.0050324550923526125 0.050417228411180327 -0.043619595409581408
leaf_weight=0.0015042302540781696 0.0014618671582272693 0.0013642207273241161 0.0032810785519856714 0.01380603939509939 0.0013887312204792224 0.0010014170016991175
leaf_count=15258 568 70 72 584 34 4562
internal_value=1.36744e-09 0.00558137 0.00909842 0.00392635 0.0412006 -0.0474504
internal_weight=0.0238076 0.0213019 0.0198401 0.0170871 0.00275295 0.00250565
internal_count=21148 1328 760 656 104 19820
is_linear=0
shrinkage=0.05


Tree=185
num_leaves=6
num_cat=0
split_feature=9 0 13 5 0
split_gain=0.00240241 0.0015138 0.00131311 0.00162269 4.36201e-14
threshold=1.0000000180025095e-35 0.66704505681991588 0.99566602706909191 0.055883884429931648 0.50711840391159069
decision_type=2 2 2 2 2
left_child=4 2 3 -2 -1
right_child=1 -3 -4 -5 -6
leaf_value=-0.050000614753833786 0.0067526557034689296 0.050045006343438427 0.049092441776523638 -0.027369285579236732 -0.050001064064748336
leaf_weight=0.0011745045345423052 0.012950396748152571 0.0017279371283773761 0.0013295798439187925 0.0047666803490923329 0.0010001780100267477
leaf_count=13704 93 508 38 725 6080
internal_value=-1.4451e-09 0.00523408 0.00116877 -0.00242766 -0.0500008
internal_weight=0.0229493 0.0207746 0.0190467 0.0177171 0.00217468
internal_count=21148 1364 856 818 19784
is_linear=0
shrinkage=0.05


Tree=186
num_leaves=7
num_cat=0
split_feature=9 0 9 5 2 0
split_gain=0.00229679 0.00138784 0.00128646 0.00200279 0.00136841 3.61117e-14
threshold=1.0000000180025095e-35 0.66704505681991588 16.500000000000004 0.050660187378525741 0.50903290510177623 0.5024266541004182
decision_type=2 2 2 2 2 2
left_child=5 2 3 -2 -4 -1
right_child=1 -3 4 -5 -6 -7
leaf_value=-0.050000589381159234 0.050203182129062489 0.050041700076516329 -0.040447477548930355 -0.0089980796498983894 0.00062617454611213052 -0.050001006230609581
leaf_weight=0.0010812453753613607 0.0029015834843164603 0.0015874513616269672 0.0025256644836835216 0.0028141988594763134 0.010287612019141079 0.0010001255393147362
leaf_count=13380 34 508 318 359 145 6404
internal_value=-1.12961e-10 0.00517337 0.00132934 0.0210551 -0.00746998 -0.0500008
internal_weight=0.0221979 0.0201165 0.0185291 0.00571578 0.0128133 0.00208137
internal_count=21148 1364 856 393 463 19784
is_linear=0
shrinkage=0.05


Tree=187
num_leaves=5
num_cat=0
split_feature=9 0 13 5
split_gain=0.00218095 0.00129873 0.00124415 0.0013668
threshold=1.0000000180025095e-35 0.66704505681991588 0.99566602706909191 0.055883884429931648
decision_type=2 2 2 2
left_child=-1 2 3 -2
right_child=1 -3 -4 -5
leaf_value=-0.050000758564372805 0.0062278447114580814 0.050039290255681303 0.049105999860676521 -0.026550561330172903
leaf_weight=0.001978168333528387 0.012255190478981604 0.0014855590594606829 0.0012682884317776191 0.004294839167092889
leaf_count=19784 93 508 38 725
internal_value=3.65631e-10 0.00512384 0.00137912 -0.00227836
internal_weight=0.021282 0.0193039 0.0178183 0.01655
internal_count=21148 1364 856 818
is_linear=0
shrinkage=0.05


Tree=188
num_leaves=6
num_cat=0
split_feature=9 0 9 5 13
split_gain=0.00208572 0.00119269 0.00126913 0.0016926 0.00145625
threshold=1.0000000180025095e-35 0.66704505681991588 16.500000000000004 0.050660187378525741 0.53726795315742504
decision_type=2 2 2 2 2
left_child=-1 2 3 -2 -4
right_child=1 -3 4 -5 -6
leaf_value=-0.050000730527136605 0.050187385796294941 0.050036437445091432 0.022017520538262121 -0.0067888239163911047 -0.017559748021492232
leaf_weight=0.0018940258617768926 0.0026485340640363111 0.0013663505391994226 0.0031327835959391601 0.0025666911022058647 0.0090057632542867583
leaf_count=19784 34 508 116 359 347
internal_value=8.32508e-10 0.00505887 0.00151756 0.0221463 -0.00734543
internal_weight=0.0206141 0.0187201 0.0173538 0.00521523 0.0121385
internal_count=21148 1364 856 393 463
is_linear=0
shrinkage=0.05


Tree=189
num_leaves=7
num_cat=0
split_feature=2 13 13 17 5 13
split_gain=0.00208948 0.00123972 0.00126548 0.00155247 0.000145879 2.43548e-05
threshold=0.50321573019027721 0.48804615437984472 0.99566602706909191 300448.00000000006 0.026834487915039066 0.60580086708068859
decision_type=2 2 2 2 2 2
left_child=5 4 3 -3 -2 -1
right_child=1 2 -4 -5 -6 -7
leaf_value=-0.050182423928060806 0.050261858094678993 0.0054553488955650896 0.050329090096733302 -0.033959172106174773 0.026301352168930689 -0.039706060009973725
leaf_weight=0.0012311270848356362 0.0012518246921839884 0.010538928283673907 0.0011672039618133576 0.0032746168011712493 0.0012897188783030783 0.0010097704778387478
leaf_count=4372 106 5348 4 712 964 9642
internal_value=2.82376e-10 0.00581402 0.000336069 -0.00388819 0.038103 -0.0454617
internal_weight=0.0197632 0.0175223 0.0149807 0.0138135 0.00254154 0.0022409
internal_count=21148 7134 6064 6060 1070 14014
is_linear=0
shrinkage=0.05


Tree=190
num_leaves=6
num_cat=0
split_feature=9 2 13 9 5
split_gain=0.0019704 0.00114357 0.00115048 0.00167326 7.37226e-05
threshold=1.0000000180025095e-35 0.50321573019027721 0.53726795315742504 16.500000000000004 0.050660187378525741
decision_type=2 2 2 2 2
left_child=-1 -2 4 -4 -3
right_child=1 2 3 -5 -6
leaf_value=-0.050000703371297056 -0.041496609728888467 0.050266820284070923 0.028527594095843933 -0.0087698988049780928 0.032312770326721883
leaf_weight=0.0017857259611374484 0.0012200773036459825 0.0011764242825322837 0.0044383400352501221 0.009324953607833919 0.0011124164516331803
leaf_count=19784 568 83 172 520 21
internal_value=1.5671e-10 0.00516943 0.00871639 0.00325767 0.0415408
internal_weight=0.0190579 0.0172722 0.0160521 0.0137633 0.00228884
internal_count=21148 1364 796 692 104
is_linear=0
shrinkage=0.05


Tree=191
num_leaves=6
num_cat=0
split_feature=9 2 13 9 0
split_gain=0.00189564 0.00110541 0.0010176 0.00168346 8.20392e-05
threshold=1.5000000000000002 0.50321573019027721 0.53726795315742504 15.500000000000002 0.60321986675262462
decision_type=2 2 2 2 2
left_child=-1 -2 4 -4 -3
right_child=1 2 3 -5 -6
leaf_value=-0.047499850074256451 -0.041252185115744987 0.030849571672467904 0.04089586225957368 -0.0048569858701276039 0.050250768749427799
leaf_weight=0.0018850940719570613 0.0011778031868955865 0.0010782530962387691 0.0024774881582931849 0.010666472600597388 0.0011015330845869364
leaf_count=19820 568 21 72 584 83
internal_value=-1.43939e-10 0.00542626 0.00901403 0.00376691 0.0406538
internal_weight=0.0183866 0.0165016 0.0153237 0.013144 0.00217979
internal_count=21148 1328 760 656 104
is_linear=0
shrinkage=0.05


Tree=192
num_leaves=6
num_cat=0
split_feature=9 0 9 5 2
split_gain=0.00180186 0.00116473 0.000878028 0.00172317 0.00109971
threshold=1.0000000180025095e-35 0.66704505681991588 16.500000000000004 0.050660187378525741 0.50903290510177623
decision_type=2 2 2 2 2
left_child=-1 2 3 -2 -4
right_child=1 -3 4 -5 -6
leaf_value=-0.050000649998365024 0.050168155046849384 0.050036104229326431 -0.039775207980465327 -0.011156391270168244 0.001140251441556652
leaf_weight=0.001635696252711919 0.0022711428210300264 0.0013223391395480446 0.0020570471471130789 0.0023112423475102895 0.0081444443615623641
leaf_count=19784 34 508 318 359 145
internal_value=-1.08617e-09 0.00507791 0.00105663 0.0192376 -0.00711002
internal_weight=0.0177419 0.0161062 0.0147839 0.00458239 0.0102015
internal_count=21148 1364 856 393 463
is_linear=0
shrinkage=0.05


Tree=193
num_leaves=6
num_cat=0
split_feature=9 0 9 5 13
split_gain=0.00171148 0.00108756 0.000833767 0.00153871 0.00102921
threshold=1.0000000180025095e-35 0.66704505681991588 16.500000000000004 0.050660187378525741 0.53726795315742504
decision_type=2 2 2 2 2
left_child=-1 2 3 -2 -4
right_child=1 -3 4 -5 -6
leaf_value=-0.05000062497055846 0.050154141981607607 0.050033930880975602 0.020387975418886428 -0.0094043950755897596 -0.016447693673676565
leaf_weight=0.0015549978373199233 0.002098878476857636 0.0012351666094292399 0.0025593160463399656 0.0022437323416968913 0.007319881075011303
leaf_count=19784 34 508 116 359 347
internal_value=-4.8163e-10 0.00503015 0.00112156 0.0193815 -0.006905
internal_weight=0.017012 0.015457 0.0142218 0.00434261 0.0098792
internal_count=21148 1364 856 393 463
is_linear=0
shrinkage=0.05


Tree=194
num_leaves=6
num_cat=0
split_feature=2 13 0 13 0
split_gain=0.00171196 0.000897476 0.00106443 0.00148503 0.000122598
threshold=0.50321573019027721 0.48804615437984472 0.66704505681991588 0.74932843446731578 0.59731385111808788
decision_type=2 2 2 2 2
left_child=-1 4 3 -3 -2
right_child=1 2 -4 -5 -6
leaf_value=-0.04489980612504104 0.02453936434471779 -0.038972029858115688 0.047151195216846582 0.0055101517239905251 0.048871745249594908
leaf_weight=0.0018787158951598512 0.001072519880680107 0.0023793572055976009 0.0011231912575286615 0.0088744697746889756 0.0010006583481293602
leaf_count=14014 563 2204 741 3119 507
internal_value=1.01193e-10 0.00583757 0.000737747 -0.00389456 0.0362838
internal_weight=0.0163289 0.0144502 0.012377 0.0112538 0.00207318
internal_count=21148 7134 6064 5323 1070
is_linear=0
shrinkage=0.05


Tree=195
num_leaves=5
num_cat=0
split_feature=9 2 13 9
split_gain=0.00161208 0.000969207 0.000849737 0.00130422
threshold=1.0000000180025095e-35 0.50321573019027721 0.53726795315742504 15.500000000000002
decision_type=2 2 2 2
left_child=-1 -2 -3 -4
right_child=1 2 3 -5
leaf_value=-0.05000061334105213 -0.040821908127735299 0.040202867061368927 0.037068717919685974 -0.0049049158221789622
leaf_weight=0.0014622813599105269 0.0010625289782007783 0.0018537408473662262 0.0023274918936713193 0.0090344912161022251
leaf_count=19784 568 104 108 584
internal_value=-4.3171e-10 0.00512072 0.00881446 0.00369334
internal_weight=0.0157405 0.0142783 0.0132157 0.011362
internal_count=21148 1364 796 692
is_linear=0
shrinkage=0.05


Tree=196
num_leaves=6
num_cat=0
split_feature=9 0 9 5 12
split_gain=0.00154388 0.000932704 0.000825933 0.00145185 0.000931553
threshold=1.5000000000000002 0.66704505681991588 16.500000000000004 0.10674187541007997 0.96621051430702221
decision_type=2 2 2 2 2
left_child=-1 2 3 -2 -4
right_child=1 -3 4 -5 -6
leaf_value=-0.047435413270859456 0.050134347855764927 0.050031433674366813 0.00027417533481720883 -0.011609118413854752 -0.043825417413806612
leaf_weight=0.0015415266221367333 0.002013533340416985 0.0010759682930290291 0.0073457351467735299 0.0018061035251014101 0.001430749714066426
leaf_count=19820 38 506 407 321 56
internal_value=7.28037e-10 0.00534834 0.00153148 0.0209391 -0.00691498
internal_weight=0.0152136 0.0136721 0.0125961 0.00381964 0.00877648
internal_count=21148 1328 822 359 463
is_linear=0
shrinkage=0.05


Tree=197
num_leaves=5
num_cat=0
split_feature=2 0 13 13
split_gain=0.0015059 0.000798503 0.000926523 0.00125767
threshold=0.50321573019027721 0.66704505681991588 0.48804615437984472 0.74932843446731578
decision_type=2 2 2 2
left_child=-1 2 -2 -4
right_child=1 -3 3 -5
leaf_value=-0.044565155419851364 0.035076764824132925 0.047085717311464388 -0.038340761946995566 0.0052104891405738308
leaf_weight=0.0016776426382856891 0.0018002642907434261 0.001073289741778922 0.0020947862754566943 0.0079447503147074966
leaf_count=14014 850 961 2204 3119
internal_value=-4.84523e-10 0.00578981 0.0020463 -0.00387664
internal_weight=0.0145907 0.0129131 0.0118398 0.0100395
internal_count=21148 7134 6173 5323
is_linear=0
shrinkage=0.05


Tree=198
num_leaves=5
num_cat=0
split_feature=9 2 13 9
split_gain=0.0014311 0.000735995 0.000734236 0.00117386
threshold=1.0000000180025095e-35 0.50467151403427135 0.53726795315742504 15.500000000000002
decision_type=2 2 2 2
left_child=-1 -2 -3 -4
right_child=1 2 3 -5
leaf_value=-0.050000572822681583 -0.035684864265666159 0.039382066510480512 0.036765897539584105 -0.0051969291136802565
leaf_weight=0.0012991311323908164 0.0010191379668806075 0.0016641029710824382 0.0021048407553365686 0.0080041667139258976
leaf_count=19784 570 104 108 582
internal_value=-1.0218e-09 0.00507786 0.00860648 0.00354033
internal_weight=0.0140914 0.0127922 0.0117731 0.010109
internal_count=21148 1364 794 690
is_linear=0
shrinkage=0.05


Tree=199
num_leaves=6
num_cat=0
split_feature=9 0 9 18 12
split_gain=0.00136609 0.00089265 0.000626037 0.00122903 0.00081591
threshold=1.0000000180025095e-35 0.66704505681991588 16.500000000000004 1.1415238380432131 0.96621051430702221
decision_type=2 2 2 2 2
left_child=-1 2 3 -2 -4
right_child=1 -3 4 -5 -6
leaf_value=-0.050000551276699473 -0.024617542229300026 0.050027875706677154 0.00023332698014506774 0.038699074306792279 -0.043512308378977203
leaf_weight=0.0012416901465701529 0.001125318652722169 0.0010112572571561182 0.0065849990209360665 0.0024030750307222348 0.0012717441726315393
leaf_count=19784 240 508 407 153 56
internal_value=-4.71759e-10 0.00500833 0.00100957 0.0185054 -0.00684763
internal_weight=0.0136381 0.0123964 0.0113851 0.00352839 0.00785674
internal_count=21148 1364 856 393 463
is_linear=0
shrinkage=0.05


end of trees

feature_importances:
margin_to_top1=421
n_same_view_refs=380
reid_score=292
color_conf_cand=272
crop_sharpness=222
cross_view_score=195
crop_aspect=176
crop_area=159
candidate_rank=114
color_conf_query=55
margin_to_next=54
n_refs=3
color_match=3
warm=2
best_ref_is_gate=1

parameters:
[boosting: gbdt]
[objective: lambdarank]
[metric: ndcg]
[tree_learner: serial]
[device_type: cpu]
[data_sample_strategy: bagging]
[data: ]
[valid: ]
[num_iterations: 200]
[learning_rate: 0.05]
[num_leaves: 15]
[num_threads: 1]
[seed: 0]
[deterministic: 0]
[force_col_wise: 0]
[force_row_wise: 0]
[histogram_pool_size: -1]
[max_depth: 4]
[min_data_in_leaf: 20]
[min_sum_hessian_in_leaf: 0.001]
[bagging_fraction: 1]
[pos_bagging_fraction: 1]
[neg_bagging_fraction: 1]
[bagging_freq: 0]
[bagging_seed: 3]
[bagging_by_query: 0]
[feature_fraction: 1]
[feature_fraction_bynode: 1]
[feature_fraction_seed: 2]
[extra_trees: 0]
[extra_seed: 6]
[early_stopping_round: 0]
[early_stopping_min_delta: 0]
[first_metric_only: 0]
[max_delta_step: 0]
[lambda_l1: 0]
[lambda_l2: 0]
[linear_lambda: 0]
[min_gain_to_split: 0]
[drop_rate: 0.1]
[max_drop: 50]
[skip_drop: 0.5]
[xgboost_dart_mode: 0]
[uniform_drop: 0]
[drop_seed: 4]
[top_rate: 0.2]
[other_rate: 0.1]
[min_data_per_group: 100]
[max_cat_threshold: 32]
[cat_l2: 10]
[cat_smooth: 10]
[max_cat_to_onehot: 4]
[top_k: 20]
[monotone_constraints: ]
[monotone_constraints_method: basic]
[monotone_penalty: 0]
[feature_contri: ]
[forcedsplits_filename: ]
[refit_decay_rate: 0.9]
[cegb_tradeoff: 1]
[cegb_penalty_split: 0]
[cegb_penalty_feature_lazy: ]
[cegb_penalty_feature_coupled: ]
[path_smooth: 0]
[interaction_constraints: ]
[verbosity: -1]
[saved_feature_importance_type: 0]
[use_quantized_grad: 0]
[num_grad_quant_bins: 4]
[quant_train_renew_leaf: 0]
[stochastic_rounding: 1]
[linear_tree: 0]
[max_bin: 255]
[max_bin_by_feature: ]
[min_data_in_bin: 3]
[bin_construct_sample_cnt: 200000]
[data_random_seed: 1]
[is_enable_sparse: 1]
[enable_bundle: 1]
[use_missing: 1]
[zero_as_missing: 0]
[feature_pre_filter: 1]
[pre_partition: 0]
[two_round: 0]
[header: 0]
[label_column: ]
[weight_column: ]
[group_column: ]
[ignore_column: ]
[categorical_feature: ]
[forcedbins_filename: ]
[precise_float_parser: 0]
[parser_config_file: ]
[objective_seed: 5]
[num_class: 1]
[is_unbalance: 0]
[scale_pos_weight: 1]
[sigmoid: 1]
[boost_from_average: 1]
[reg_sqrt: 0]
[alpha: 0.9]
[fair_c: 1]
[poisson_max_delta_step: 0.7]
[tweedie_variance_power: 1.5]
[lambdarank_truncation_level: 30]
[lambdarank_norm: 1]
[label_gain: 0,1]
[lambdarank_position_bias_regularization: 0]
[eval_at: 1]
[multi_error_top_k: 1]
[auc_mu_weights: ]
[num_machines: 1]
[local_listen_port: 12400]
[time_out: 120]
[machine_list_filename: ]
[machines: ]
[gpu_platform_id: -1]
[gpu_device_id: -1]
[gpu_use_dp: 0]
[num_gpu: 1]

end of parameters

pandas_categorical:null
